ISO-10303-21;
HEADER;
/* Generated by software containing ST-Developer
 * from STEP Tools, Inc. (www.steptools.com) 
 */

FILE_DESCRIPTION(
/* description */ (''),
/* implementation_level */ '2;1');

FILE_NAME(
/* name */ 
'C:\\CSD\\download\\chain\\conveyor_chain\\atachment_chain\\3d\\A1\\RS
25-2LA1.stp',
/* time_stamp */ '2026-05-08T13:52:01+09:00',
/* author */ ('82102'),
/* organization */ (''),
/* preprocessor_version */ 'ST-DEVELOPER v19',
/* originating_system */ 'AutoCAD Mechanical',
/* authorisation */ '');

FILE_SCHEMA (('AUTOMOTIVE_DESIGN { 1 0 10303 214 3 1 1 }'));
ENDSEC;

DATA;
#10=MECHANICAL_DESIGN_GEOMETRIC_PRESENTATION_REPRESENTATION('',(#42,#43,
#44),#3450);
#11=PRESENTATION_LAYER_ASSIGNMENT('0','0',(#45,#46,#47));
#12=PRESENTATION_LAYER_ASSIGNMENT('3','ConnectionPoints',(#3429,#3430,#3431,
#3432,#3433,#3434,#3435,#3436));
#13=GEOMETRICALLY_BOUNDED_SURFACE_SHAPE_REPRESENTATION('',(#14),#3446);
#14=GEOMETRIC_SET('GEOSET',(#3429,#3430,#3431,#3432,#3433,#3434,#3435,#3436));
#15=ITEM_DEFINED_TRANSFORMATION($,$,#1938,#2200);
#16=ITEM_DEFINED_TRANSFORMATION($,$,#2055,#2201);
#17=ITEM_DEFINED_TRANSFORMATION($,$,#2147,#2202);
#18=ITEM_DEFINED_TRANSFORMATION($,$,#2147,#2203);
#19=(
REPRESENTATION_RELATIONSHIP($,$,#3467,#3466)
REPRESENTATION_RELATIONSHIP_WITH_TRANSFORMATION(#15)
SHAPE_REPRESENTATION_RELATIONSHIP()
);
#20=(
REPRESENTATION_RELATIONSHIP($,$,#3468,#3466)
REPRESENTATION_RELATIONSHIP_WITH_TRANSFORMATION(#16)
SHAPE_REPRESENTATION_RELATIONSHIP()
);
#21=(
REPRESENTATION_RELATIONSHIP($,$,#3469,#3466)
REPRESENTATION_RELATIONSHIP_WITH_TRANSFORMATION(#17)
SHAPE_REPRESENTATION_RELATIONSHIP()
);
#22=(
REPRESENTATION_RELATIONSHIP($,$,#3469,#3466)
REPRESENTATION_RELATIONSHIP_WITH_TRANSFORMATION(#18)
SHAPE_REPRESENTATION_RELATIONSHIP()
);
#23=CONTEXT_DEPENDENT_SHAPE_REPRESENTATION(#19,#3462);
#24=CONTEXT_DEPENDENT_SHAPE_REPRESENTATION(#20,#3463);
#25=CONTEXT_DEPENDENT_SHAPE_REPRESENTATION(#21,#3464);
#26=CONTEXT_DEPENDENT_SHAPE_REPRESENTATION(#22,#3465);
#27=NEXT_ASSEMBLY_USAGE_OCCURRENCE('C3','C3','C3',#3471,#3472,'C3');
#28=NEXT_ASSEMBLY_USAGE_OCCURRENCE('161','161','161',#3471,#3473,'161');
#29=NEXT_ASSEMBLY_USAGE_OCCURRENCE('1F6','1F6','1F6',#3471,#3474,'1F6');
#30=NEXT_ASSEMBLY_USAGE_OCCURRENCE('23B','23B','23B',#3471,#3474,'23B');
#31=TOROIDAL_SURFACE('',#2148,1.491,0.159);
#32=TOROIDAL_SURFACE('',#2174,1.491,0.159);
#33=TOROIDAL_SURFACE('',#2191,1.491,0.159);
#34=TOROIDAL_SURFACE('',#2196,1.491,0.158999999999999);
#35=SHAPE_REPRESENTATION_RELATIONSHIP('SRR','None',#3467,#39);
#36=SHAPE_REPRESENTATION_RELATIONSHIP('SRR','None',#3468,#40);
#37=SHAPE_REPRESENTATION_RELATIONSHIP('SRR','None',#3469,#41);
#38=SHAPE_REPRESENTATION_RELATIONSHIP('SRR','None',#3466,#13);
#39=ADVANCED_BREP_SHAPE_REPRESENTATION('',(#45),#3447);
#40=ADVANCED_BREP_SHAPE_REPRESENTATION('',(#46),#3448);
#41=ADVANCED_BREP_SHAPE_REPRESENTATION('',(#47),#3449);
#42=STYLED_ITEM('',(#3491),#45);
#43=STYLED_ITEM('',(#3491),#46);
#44=STYLED_ITEM('',(#3491),#47);
#45=MANIFOLD_SOLID_BREP('C2',#1934);
#46=MANIFOLD_SOLID_BREP('160',#1935);
#47=MANIFOLD_SOLID_BREP('1F5',#1936);
#48=ELLIPSE('',#1961,1.33367912182804,1.155);
#49=ELLIPSE('',#1962,1.33367912182804,1.155);
#50=ELLIPSE('',#2051,1.33367912182804,1.155);
#51=ELLIPSE('',#2053,1.33367912182804,1.155);
#52=ELLIPSE('',#2078,1.33367912182804,1.155);
#53=ELLIPSE('',#2079,1.33367912182804,1.155);
#54=ELLIPSE('',#2103,1.33367912182804,1.155);
#55=ELLIPSE('',#2105,1.33367912182804,1.155);
#56=ELLIPSE('',#2112,1.33367912182804,1.155);
#57=ELLIPSE('',#2113,1.33367912182804,1.155);
#58=ELLIPSE('',#2138,1.33367912182804,1.155);
#59=ELLIPSE('',#2140,1.33367912182804,1.155);
#60=FACE_BOUND('',#252,.T.);
#61=FACE_BOUND('',#253,.T.);
#62=FACE_BOUND('',#256,.T.);
#63=FACE_BOUND('',#257,.T.);
#64=FACE_BOUND('',#269,.T.);
#65=FACE_BOUND('',#271,.T.);
#66=FACE_BOUND('',#296,.T.);
#67=FACE_BOUND('',#297,.T.);
#68=FACE_BOUND('',#304,.T.);
#69=FACE_BOUND('',#313,.T.);
#70=FACE_BOUND('',#314,.T.);
#71=FACE_BOUND('',#317,.T.);
#72=FACE_BOUND('',#318,.T.);
#73=FACE_BOUND('',#330,.T.);
#74=FACE_BOUND('',#332,.T.);
#75=FACE_BOUND('',#343,.T.);
#76=FACE_BOUND('',#344,.T.);
#77=FACE_BOUND('',#346,.T.);
#78=FACE_BOUND('',#347,.T.);
#79=FACE_BOUND('',#363,.T.);
#80=FACE_BOUND('',#364,.T.);
#81=FACE_BOUND('',#366,.T.);
#82=FACE_BOUND('',#367,.T.);
#83=FACE_BOUND('',#375,.T.);
#84=FACE_BOUND('',#376,.T.);
#85=FACE_BOUND('',#378,.T.);
#86=FACE_BOUND('',#379,.T.);
#87=PLANE('',#1942);
#88=PLANE('',#1949);
#89=PLANE('',#1956);
#90=PLANE('',#1978);
#91=PLANE('',#1979);
#92=PLANE('',#1980);
#93=PLANE('',#1981);
#94=PLANE('',#1982);
#95=PLANE('',#1983);
#96=PLANE('',#1984);
#97=PLANE('',#1985);
#98=PLANE('',#1997);
#99=PLANE('',#2002);
#100=PLANE('',#2003);
#101=PLANE('',#2008);
#102=PLANE('',#2009);
#103=PLANE('',#2014);
#104=PLANE('',#2015);
#105=PLANE('',#2018);
#106=PLANE('',#2019);
#107=PLANE('',#2025);
#108=PLANE('',#2029);
#109=PLANE('',#2035);
#110=PLANE('',#2045);
#111=PLANE('',#2048);
#112=PLANE('',#2050);
#113=PLANE('',#2052);
#114=PLANE('',#2059);
#115=PLANE('',#2066);
#116=PLANE('',#2073);
#117=PLANE('',#2095);
#118=PLANE('',#2096);
#119=PLANE('',#2097);
#120=PLANE('',#2098);
#121=PLANE('',#2099);
#122=PLANE('',#2100);
#123=PLANE('',#2101);
#124=PLANE('',#2102);
#125=PLANE('',#2104);
#126=PLANE('',#2106);
#127=PLANE('',#2114);
#128=PLANE('',#2118);
#129=PLANE('',#2124);
#130=PLANE('',#2135);
#131=PLANE('',#2136);
#132=PLANE('',#2137);
#133=PLANE('',#2139);
#134=PLANE('',#2142);
#135=PLANE('',#2154);
#136=PLANE('',#2160);
#137=PLANE('',#2177);
#138=PLANE('',#2182);
#139=FACE_OUTER_BOUND('',#250,.T.);
#140=FACE_OUTER_BOUND('',#251,.T.);
#141=FACE_OUTER_BOUND('',#254,.T.);
#142=FACE_OUTER_BOUND('',#255,.T.);
#143=FACE_OUTER_BOUND('',#258,.T.);
#144=FACE_OUTER_BOUND('',#259,.T.);
#145=FACE_OUTER_BOUND('',#260,.T.);
#146=FACE_OUTER_BOUND('',#261,.T.);
#147=FACE_OUTER_BOUND('',#262,.T.);
#148=FACE_OUTER_BOUND('',#263,.T.);
#149=FACE_OUTER_BOUND('',#264,.T.);
#150=FACE_OUTER_BOUND('',#265,.T.);
#151=FACE_OUTER_BOUND('',#266,.T.);
#152=FACE_OUTER_BOUND('',#267,.T.);
#153=FACE_OUTER_BOUND('',#268,.T.);
#154=FACE_OUTER_BOUND('',#270,.T.);
#155=FACE_OUTER_BOUND('',#272,.T.);
#156=FACE_OUTER_BOUND('',#273,.T.);
#157=FACE_OUTER_BOUND('',#274,.T.);
#158=FACE_OUTER_BOUND('',#275,.T.);
#159=FACE_OUTER_BOUND('',#276,.T.);
#160=FACE_OUTER_BOUND('',#277,.T.);
#161=FACE_OUTER_BOUND('',#278,.T.);
#162=FACE_OUTER_BOUND('',#279,.T.);
#163=FACE_OUTER_BOUND('',#280,.T.);
#164=FACE_OUTER_BOUND('',#281,.T.);
#165=FACE_OUTER_BOUND('',#282,.T.);
#166=FACE_OUTER_BOUND('',#283,.T.);
#167=FACE_OUTER_BOUND('',#284,.T.);
#168=FACE_OUTER_BOUND('',#285,.T.);
#169=FACE_OUTER_BOUND('',#286,.T.);
#170=FACE_OUTER_BOUND('',#287,.T.);
#171=FACE_OUTER_BOUND('',#288,.T.);
#172=FACE_OUTER_BOUND('',#289,.T.);
#173=FACE_OUTER_BOUND('',#290,.T.);
#174=FACE_OUTER_BOUND('',#291,.T.);
#175=FACE_OUTER_BOUND('',#292,.T.);
#176=FACE_OUTER_BOUND('',#293,.T.);
#177=FACE_OUTER_BOUND('',#294,.T.);
#178=FACE_OUTER_BOUND('',#295,.T.);
#179=FACE_OUTER_BOUND('',#298,.T.);
#180=FACE_OUTER_BOUND('',#299,.T.);
#181=FACE_OUTER_BOUND('',#300,.T.);
#182=FACE_OUTER_BOUND('',#301,.T.);
#183=FACE_OUTER_BOUND('',#302,.T.);
#184=FACE_OUTER_BOUND('',#303,.T.);
#185=FACE_OUTER_BOUND('',#305,.T.);
#186=FACE_OUTER_BOUND('',#306,.T.);
#187=FACE_OUTER_BOUND('',#307,.T.);
#188=FACE_OUTER_BOUND('',#308,.T.);
#189=FACE_OUTER_BOUND('',#309,.T.);
#190=FACE_OUTER_BOUND('',#310,.T.);
#191=FACE_OUTER_BOUND('',#311,.T.);
#192=FACE_OUTER_BOUND('',#312,.T.);
#193=FACE_OUTER_BOUND('',#315,.T.);
#194=FACE_OUTER_BOUND('',#316,.T.);
#195=FACE_OUTER_BOUND('',#319,.T.);
#196=FACE_OUTER_BOUND('',#320,.T.);
#197=FACE_OUTER_BOUND('',#321,.T.);
#198=FACE_OUTER_BOUND('',#322,.T.);
#199=FACE_OUTER_BOUND('',#323,.T.);
#200=FACE_OUTER_BOUND('',#324,.T.);
#201=FACE_OUTER_BOUND('',#325,.T.);
#202=FACE_OUTER_BOUND('',#326,.T.);
#203=FACE_OUTER_BOUND('',#327,.T.);
#204=FACE_OUTER_BOUND('',#328,.T.);
#205=FACE_OUTER_BOUND('',#329,.T.);
#206=FACE_OUTER_BOUND('',#331,.T.);
#207=FACE_OUTER_BOUND('',#333,.T.);
#208=FACE_OUTER_BOUND('',#334,.T.);
#209=FACE_OUTER_BOUND('',#335,.T.);
#210=FACE_OUTER_BOUND('',#336,.T.);
#211=FACE_OUTER_BOUND('',#337,.T.);
#212=FACE_OUTER_BOUND('',#338,.T.);
#213=FACE_OUTER_BOUND('',#339,.T.);
#214=FACE_OUTER_BOUND('',#340,.T.);
#215=FACE_OUTER_BOUND('',#341,.T.);
#216=FACE_OUTER_BOUND('',#342,.T.);
#217=FACE_OUTER_BOUND('',#345,.T.);
#218=FACE_OUTER_BOUND('',#348,.T.);
#219=FACE_OUTER_BOUND('',#349,.T.);
#220=FACE_OUTER_BOUND('',#350,.T.);
#221=FACE_OUTER_BOUND('',#351,.T.);
#222=FACE_OUTER_BOUND('',#352,.T.);
#223=FACE_OUTER_BOUND('',#353,.T.);
#224=FACE_OUTER_BOUND('',#354,.T.);
#225=FACE_OUTER_BOUND('',#355,.T.);
#226=FACE_OUTER_BOUND('',#356,.T.);
#227=FACE_OUTER_BOUND('',#357,.T.);
#228=FACE_OUTER_BOUND('',#358,.T.);
#229=FACE_OUTER_BOUND('',#359,.T.);
#230=FACE_OUTER_BOUND('',#360,.T.);
#231=FACE_OUTER_BOUND('',#361,.T.);
#232=FACE_OUTER_BOUND('',#362,.T.);
#233=FACE_OUTER_BOUND('',#365,.T.);
#234=FACE_OUTER_BOUND('',#368,.T.);
#235=FACE_OUTER_BOUND('',#369,.T.);
#236=FACE_OUTER_BOUND('',#370,.T.);
#237=FACE_OUTER_BOUND('',#371,.T.);
#238=FACE_OUTER_BOUND('',#372,.T.);
#239=FACE_OUTER_BOUND('',#373,.T.);
#240=FACE_OUTER_BOUND('',#374,.T.);
#241=FACE_OUTER_BOUND('',#377,.T.);
#242=FACE_OUTER_BOUND('',#380,.T.);
#243=FACE_OUTER_BOUND('',#381,.T.);
#244=FACE_OUTER_BOUND('',#382,.T.);
#245=FACE_OUTER_BOUND('',#383,.T.);
#246=FACE_OUTER_BOUND('',#384,.T.);
#247=FACE_OUTER_BOUND('',#385,.T.);
#248=FACE_OUTER_BOUND('',#386,.T.);
#249=FACE_OUTER_BOUND('',#387,.T.);
#250=EDGE_LOOP('',(#1224,#1225,#1226,#1227));
#251=EDGE_LOOP('',(#1228,#1229,#1230,#1231,#1232,#1233));
#252=EDGE_LOOP('',(#1234));
#253=EDGE_LOOP('',(#1235));
#254=EDGE_LOOP('',(#1236,#1237,#1238,#1239));
#255=EDGE_LOOP('',(#1240,#1241,#1242,#1243,#1244,#1245));
#256=EDGE_LOOP('',(#1246));
#257=EDGE_LOOP('',(#1247));
#258=EDGE_LOOP('',(#1248,#1249,#1250,#1251));
#259=EDGE_LOOP('',(#1252,#1253,#1254,#1255));
#260=EDGE_LOOP('',(#1256,#1257,#1258,#1259,#1260));
#261=EDGE_LOOP('',(#1261,#1262,#1263,#1264,#1265,#1266,#1267,#1268));
#262=EDGE_LOOP('',(#1269,#1270,#1271,#1272));
#263=EDGE_LOOP('',(#1273,#1274,#1275,#1276));
#264=EDGE_LOOP('',(#1277,#1278,#1279,#1280));
#265=EDGE_LOOP('',(#1281,#1282,#1283,#1284));
#266=EDGE_LOOP('',(#1285,#1286,#1287,#1288));
#267=EDGE_LOOP('',(#1289,#1290,#1291,#1292));
#268=EDGE_LOOP('',(#1293,#1294,#1295,#1296,#1297,#1298));
#269=EDGE_LOOP('',(#1299));
#270=EDGE_LOOP('',(#1300,#1301,#1302,#1303,#1304,#1305));
#271=EDGE_LOOP('',(#1306));
#272=EDGE_LOOP('',(#1307,#1308,#1309,#1310,#1311,#1312,#1313,#1314));
#273=EDGE_LOOP('',(#1315,#1316,#1317,#1318,#1319,#1320,#1321,#1322));
#274=EDGE_LOOP('',(#1323,#1324));
#275=EDGE_LOOP('',(#1325,#1326));
#276=EDGE_LOOP('',(#1327,#1328,#1329,#1330,#1331,#1332,#1333,#1334,#1335,
#1336,#1337,#1338,#1339,#1340,#1341,#1342,#1343,#1344,#1345));
#277=EDGE_LOOP('',(#1346,#1347,#1348,#1349));
#278=EDGE_LOOP('',(#1350,#1351,#1352,#1353));
#279=EDGE_LOOP('',(#1354,#1355,#1356,#1357));
#280=EDGE_LOOP('',(#1358,#1359,#1360,#1361));
#281=EDGE_LOOP('',(#1362,#1363,#1364,#1365));
#282=EDGE_LOOP('',(#1366,#1367,#1368,#1369));
#283=EDGE_LOOP('',(#1370,#1371,#1372,#1373));
#284=EDGE_LOOP('',(#1374,#1375,#1376,#1377));
#285=EDGE_LOOP('',(#1378,#1379,#1380,#1381));
#286=EDGE_LOOP('',(#1382,#1383,#1384,#1385));
#287=EDGE_LOOP('',(#1386,#1387,#1388,#1389));
#288=EDGE_LOOP('',(#1390,#1391,#1392,#1393));
#289=EDGE_LOOP('',(#1394,#1395,#1396,#1397));
#290=EDGE_LOOP('',(#1398,#1399,#1400,#1401));
#291=EDGE_LOOP('',(#1402,#1403,#1404,#1405));
#292=EDGE_LOOP('',(#1406));
#293=EDGE_LOOP('',(#1407,#1408,#1409,#1410,#1411,#1412,#1413,#1414,#1415,
#1416,#1417,#1418));
#294=EDGE_LOOP('',(#1419,#1420,#1421,#1422,#1423));
#295=EDGE_LOOP('',(#1424,#1425,#1426,#1427));
#296=EDGE_LOOP('',(#1428));
#297=EDGE_LOOP('',(#1429));
#298=EDGE_LOOP('',(#1430,#1431,#1432,#1433,#1434,#1435,#1436,#1437,#1438,
#1439,#1440));
#299=EDGE_LOOP('',(#1441,#1442,#1443,#1444));
#300=EDGE_LOOP('',(#1445,#1446,#1447,#1448));
#301=EDGE_LOOP('',(#1449,#1450,#1451,#1452));
#302=EDGE_LOOP('',(#1453,#1454,#1455,#1456));
#303=EDGE_LOOP('',(#1457,#1458,#1459,#1460));
#304=EDGE_LOOP('',(#1461,#1462,#1463,#1464,#1465,#1466,#1467,#1468));
#305=EDGE_LOOP('',(#1469,#1470,#1471,#1472,#1473,#1474,#1475,#1476));
#306=EDGE_LOOP('',(#1477));
#307=EDGE_LOOP('',(#1478,#1479,#1480,#1481));
#308=EDGE_LOOP('',(#1482,#1483));
#309=EDGE_LOOP('',(#1484,#1485));
#310=EDGE_LOOP('',(#1486,#1487,#1488,#1489,#1490,#1491,#1492,#1493));
#311=EDGE_LOOP('',(#1494,#1495,#1496,#1497));
#312=EDGE_LOOP('',(#1498,#1499,#1500,#1501,#1502,#1503));
#313=EDGE_LOOP('',(#1504));
#314=EDGE_LOOP('',(#1505));
#315=EDGE_LOOP('',(#1506,#1507,#1508,#1509));
#316=EDGE_LOOP('',(#1510,#1511,#1512,#1513,#1514,#1515));
#317=EDGE_LOOP('',(#1516));
#318=EDGE_LOOP('',(#1517));
#319=EDGE_LOOP('',(#1518,#1519,#1520,#1521));
#320=EDGE_LOOP('',(#1522,#1523,#1524,#1525));
#321=EDGE_LOOP('',(#1526,#1527,#1528,#1529,#1530));
#322=EDGE_LOOP('',(#1531,#1532,#1533,#1534,#1535,#1536,#1537,#1538));
#323=EDGE_LOOP('',(#1539,#1540,#1541,#1542));
#324=EDGE_LOOP('',(#1543,#1544,#1545,#1546));
#325=EDGE_LOOP('',(#1547,#1548,#1549,#1550));
#326=EDGE_LOOP('',(#1551,#1552,#1553,#1554));
#327=EDGE_LOOP('',(#1555,#1556,#1557,#1558));
#328=EDGE_LOOP('',(#1559,#1560,#1561,#1562));
#329=EDGE_LOOP('',(#1563,#1564,#1565,#1566,#1567,#1568));
#330=EDGE_LOOP('',(#1569));
#331=EDGE_LOOP('',(#1570,#1571,#1572,#1573,#1574,#1575));
#332=EDGE_LOOP('',(#1576));
#333=EDGE_LOOP('',(#1577,#1578,#1579,#1580,#1581,#1582,#1583,#1584));
#334=EDGE_LOOP('',(#1585,#1586,#1587,#1588,#1589,#1590,#1591,#1592));
#335=EDGE_LOOP('',(#1593,#1594));
#336=EDGE_LOOP('',(#1595,#1596));
#337=EDGE_LOOP('',(#1597,#1598));
#338=EDGE_LOOP('',(#1599,#1600));
#339=EDGE_LOOP('',(#1601,#1602,#1603,#1604,#1605));
#340=EDGE_LOOP('',(#1606,#1607,#1608,#1609,#1610,#1611,#1612,#1613));
#341=EDGE_LOOP('',(#1614,#1615,#1616,#1617,#1618));
#342=EDGE_LOOP('',(#1619,#1620,#1621,#1622));
#343=EDGE_LOOP('',(#1623));
#344=EDGE_LOOP('',(#1624));
#345=EDGE_LOOP('',(#1625,#1626,#1627,#1628));
#346=EDGE_LOOP('',(#1629));
#347=EDGE_LOOP('',(#1630));
#348=EDGE_LOOP('',(#1631,#1632,#1633,#1634));
#349=EDGE_LOOP('',(#1635,#1636,#1637,#1638));
#350=EDGE_LOOP('',(#1639,#1640,#1641,#1642));
#351=EDGE_LOOP('',(#1643,#1644,#1645,#1646));
#352=EDGE_LOOP('',(#1647,#1648,#1649,#1650));
#353=EDGE_LOOP('',(#1651,#1652));
#354=EDGE_LOOP('',(#1653,#1654));
#355=EDGE_LOOP('',(#1655,#1656));
#356=EDGE_LOOP('',(#1657,#1658));
#357=EDGE_LOOP('',(#1659,#1660,#1661,#1662,#1663,#1664,#1665,#1666));
#358=EDGE_LOOP('',(#1667,#1668,#1669,#1670,#1671));
#359=EDGE_LOOP('',(#1672,#1673,#1674,#1675,#1676,#1677,#1678,#1679));
#360=EDGE_LOOP('',(#1680,#1681,#1682,#1683));
#361=EDGE_LOOP('',(#1684,#1685,#1686,#1687));
#362=EDGE_LOOP('',(#1688,#1689,#1690,#1691));
#363=EDGE_LOOP('',(#1692));
#364=EDGE_LOOP('',(#1693));
#365=EDGE_LOOP('',(#1694,#1695,#1696,#1697));
#366=EDGE_LOOP('',(#1698));
#367=EDGE_LOOP('',(#1699));
#368=EDGE_LOOP('',(#1700,#1701,#1702,#1703));
#369=EDGE_LOOP('',(#1704,#1705,#1706,#1707));
#370=EDGE_LOOP('',(#1708,#1709,#1710,#1711));
#371=EDGE_LOOP('',(#1712,#1713,#1714,#1715));
#372=EDGE_LOOP('',(#1716,#1717,#1718,#1719));
#373=EDGE_LOOP('',(#1720,#1721,#1722,#1723));
#374=EDGE_LOOP('',(#1724,#1725,#1726,#1727));
#375=EDGE_LOOP('',(#1728));
#376=EDGE_LOOP('',(#1729));
#377=EDGE_LOOP('',(#1730,#1731,#1732,#1733));
#378=EDGE_LOOP('',(#1734));
#379=EDGE_LOOP('',(#1735));
#380=EDGE_LOOP('',(#1736,#1737,#1738,#1739));
#381=EDGE_LOOP('',(#1740,#1741,#1742,#1743));
#382=EDGE_LOOP('',(#1744,#1745,#1746,#1747));
#383=EDGE_LOOP('',(#1748,#1749,#1750,#1751));
#384=EDGE_LOOP('',(#1752,#1753,#1754,#1755));
#385=EDGE_LOOP('',(#1756,#1757,#1758,#1759));
#386=EDGE_LOOP('',(#1760,#1761,#1762,#1763));
#387=EDGE_LOOP('',(#1764,#1765,#1766,#1767));
#388=LINE('',#2869,#512);
#389=LINE('',#2872,#513);
#390=LINE('',#2876,#514);
#391=LINE('',#2878,#515);
#392=LINE('',#2880,#516);
#393=LINE('',#2889,#517);
#394=LINE('',#2894,#518);
#395=LINE('',#2896,#519);
#396=LINE('',#2898,#520);
#397=LINE('',#2906,#521);
#398=LINE('',#2908,#522);
#399=LINE('',#2912,#523);
#400=LINE('',#2918,#524);
#401=LINE('',#2923,#525);
#402=LINE('',#2928,#526);
#403=LINE('',#2934,#527);
#404=LINE('',#2941,#528);
#405=LINE('',#2944,#529);
#406=LINE('',#2950,#530);
#407=LINE('',#2953,#531);
#408=LINE('',#2958,#532);
#409=LINE('',#2961,#533);
#410=LINE('',#2962,#534);
#411=LINE('',#2964,#535);
#412=LINE('',#2965,#536);
#413=LINE('',#2967,#537);
#414=LINE('',#2968,#538);
#415=LINE('',#2980,#539);
#416=LINE('',#2982,#540);
#417=LINE('',#2990,#541);
#418=LINE('',#2992,#542);
#419=LINE('',#2996,#543);
#420=LINE('',#2998,#544);
#421=LINE('',#3006,#545);
#422=LINE('',#3008,#546);
#423=LINE('',#3015,#547);
#424=LINE('',#3016,#548);
#425=LINE('',#3017,#549);
#426=LINE('',#3020,#550);
#427=LINE('',#3026,#551);
#428=LINE('',#3027,#552);
#429=LINE('',#3030,#553);
#430=LINE('',#3031,#554);
#431=LINE('',#3034,#555);
#432=LINE('',#3035,#556);
#433=LINE('',#3038,#557);
#434=LINE('',#3044,#558);
#435=LINE('',#3045,#559);
#436=LINE('',#3048,#560);
#437=LINE('',#3049,#561);
#438=LINE('',#3052,#562);
#439=LINE('',#3053,#563);
#440=LINE('',#3056,#564);
#441=LINE('',#3062,#565);
#442=LINE('',#3063,#566);
#443=LINE('',#3066,#567);
#444=LINE('',#3067,#568);
#445=LINE('',#3070,#569);
#446=LINE('',#3071,#570);
#447=LINE('',#3075,#571);
#448=LINE('',#3077,#572);
#449=LINE('',#3084,#573);
#450=LINE('',#3090,#574);
#451=LINE('',#3096,#575);
#452=LINE('',#3115,#576);
#453=LINE('',#3116,#577);
#454=LINE('',#3120,#578);
#455=LINE('',#3124,#579);
#456=LINE('',#3130,#580);
#457=LINE('',#3134,#581);
#458=LINE('',#3140,#582);
#459=LINE('',#3147,#583);
#460=LINE('',#3150,#584);
#461=LINE('',#3154,#585);
#462=LINE('',#3156,#586);
#463=LINE('',#3158,#587);
#464=LINE('',#3167,#588);
#465=LINE('',#3172,#589);
#466=LINE('',#3174,#590);
#467=LINE('',#3176,#591);
#468=LINE('',#3184,#592);
#469=LINE('',#3186,#593);
#470=LINE('',#3190,#594);
#471=LINE('',#3196,#595);
#472=LINE('',#3201,#596);
#473=LINE('',#3206,#597);
#474=LINE('',#3212,#598);
#475=LINE('',#3219,#599);
#476=LINE('',#3222,#600);
#477=LINE('',#3228,#601);
#478=LINE('',#3231,#602);
#479=LINE('',#3236,#603);
#480=LINE('',#3239,#604);
#481=LINE('',#3240,#605);
#482=LINE('',#3242,#606);
#483=LINE('',#3243,#607);
#484=LINE('',#3245,#608);
#485=LINE('',#3246,#609);
#486=LINE('',#3255,#610);
#487=LINE('',#3260,#611);
#488=LINE('',#3264,#612);
#489=LINE('',#3268,#613);
#490=LINE('',#3275,#614);
#491=LINE('',#3281,#615);
#492=LINE('',#3287,#616);
#493=LINE('',#3312,#617);
#494=LINE('',#3313,#618);
#495=LINE('',#3315,#619);
#496=LINE('',#3317,#620);
#497=LINE('',#3320,#621);
#498=LINE('',#3328,#622);
#499=LINE('',#3335,#623);
#500=LINE('',#3345,#624);
#501=LINE('',#3376,#625);
#502=LINE('',#3379,#626);
#503=LINE('',#3381,#627);
#504=LINE('',#3382,#628);
#505=LINE('',#3384,#629);
#506=LINE('',#3386,#630);
#507=LINE('',#3411,#631);
#508=LINE('',#3413,#632);
#509=LINE('',#3421,#633);
#510=LINE('',#3426,#634);
#511=LINE('',#3428,#635);
#512=VECTOR('',#2212,1000.);
#513=VECTOR('',#2215,1000.);
#514=VECTOR('',#2218,1000.);
#515=VECTOR('',#2219,1000.);
#516=VECTOR('',#2220,1000.);
#517=VECTOR('',#2231,1.155);
#518=VECTOR('',#2236,1000.);
#519=VECTOR('',#2237,1000.);
#520=VECTOR('',#2238,1000.);
#521=VECTOR('',#2249,1000.);
#522=VECTOR('',#2252,1000.);
#523=VECTOR('',#2255,1000.);
#524=VECTOR('',#2260,1000.);
#525=VECTOR('',#2269,1.155);
#526=VECTOR('',#2274,1000.);
#527=VECTOR('',#2281,1000.);
#528=VECTOR('',#2288,1000.);
#529=VECTOR('',#2291,1000.);
#530=VECTOR('',#2296,1000.);
#531=VECTOR('',#2299,1000.);
#532=VECTOR('',#2304,1.7);
#533=VECTOR('',#2309,1000.);
#534=VECTOR('',#2310,1000.);
#535=VECTOR('',#2313,1000.);
#536=VECTOR('',#2314,1000.);
#537=VECTOR('',#2317,1000.);
#538=VECTOR('',#2318,1000.);
#539=VECTOR('',#2333,1000.);
#540=VECTOR('',#2334,1000.);
#541=VECTOR('',#2341,1000.);
#542=VECTOR('',#2342,1000.);
#543=VECTOR('',#2345,1000.);
#544=VECTOR('',#2346,1000.);
#545=VECTOR('',#2353,1000.);
#546=VECTOR('',#2354,1000.);
#547=VECTOR('',#2361,1000.);
#548=VECTOR('',#2362,1000.);
#549=VECTOR('',#2363,1000.);
#550=VECTOR('',#2366,1000.);
#551=VECTOR('',#2373,1000.);
#552=VECTOR('',#2374,1000.);
#553=VECTOR('',#2377,1000.);
#554=VECTOR('',#2378,1000.);
#555=VECTOR('',#2381,1000.);
#556=VECTOR('',#2382,1000.);
#557=VECTOR('',#2385,1000.);
#558=VECTOR('',#2392,1000.);
#559=VECTOR('',#2393,1000.);
#560=VECTOR('',#2396,1000.);
#561=VECTOR('',#2397,1000.);
#562=VECTOR('',#2400,1000.);
#563=VECTOR('',#2401,1000.);
#564=VECTOR('',#2404,1000.);
#565=VECTOR('',#2411,1000.);
#566=VECTOR('',#2412,1000.);
#567=VECTOR('',#2415,1000.);
#568=VECTOR('',#2416,1000.);
#569=VECTOR('',#2419,1000.);
#570=VECTOR('',#2420,1000.);
#571=VECTOR('',#2425,1000.);
#572=VECTOR('',#2428,1000.);
#573=VECTOR('',#2437,1.155);
#574=VECTOR('',#2444,1000.);
#575=VECTOR('',#2449,1000.);
#576=VECTOR('',#2472,1000.);
#577=VECTOR('',#2473,1000.);
#578=VECTOR('',#2478,1000.);
#579=VECTOR('',#2483,1000.);
#580=VECTOR('',#2492,1.155);
#581=VECTOR('',#2499,1.155);
#582=VECTOR('',#2510,1.155);
#583=VECTOR('',#2517,1000.);
#584=VECTOR('',#2520,1000.);
#585=VECTOR('',#2523,1000.);
#586=VECTOR('',#2524,1000.);
#587=VECTOR('',#2525,1000.);
#588=VECTOR('',#2536,1.155);
#589=VECTOR('',#2541,1000.);
#590=VECTOR('',#2542,1000.);
#591=VECTOR('',#2543,1000.);
#592=VECTOR('',#2554,1000.);
#593=VECTOR('',#2557,1000.);
#594=VECTOR('',#2560,1000.);
#595=VECTOR('',#2565,1000.);
#596=VECTOR('',#2574,1.155);
#597=VECTOR('',#2579,1000.);
#598=VECTOR('',#2586,1000.);
#599=VECTOR('',#2593,1000.);
#600=VECTOR('',#2596,1000.);
#601=VECTOR('',#2601,1000.);
#602=VECTOR('',#2604,1000.);
#603=VECTOR('',#2609,1.7);
#604=VECTOR('',#2614,1000.);
#605=VECTOR('',#2615,1000.);
#606=VECTOR('',#2618,1000.);
#607=VECTOR('',#2619,1000.);
#608=VECTOR('',#2622,1000.);
#609=VECTOR('',#2623,1000.);
#610=VECTOR('',#2636,1000.);
#611=VECTOR('',#2641,1000.);
#612=VECTOR('',#2644,1000.);
#613=VECTOR('',#2647,1000.);
#614=VECTOR('',#2656,1.155);
#615=VECTOR('',#2663,1000.);
#616=VECTOR('',#2668,1000.);
#617=VECTOR('',#2697,1000.);
#618=VECTOR('',#2698,1000.);
#619=VECTOR('',#2701,1000.);
#620=VECTOR('',#2704,1000.);
#621=VECTOR('',#2709,1.155);
#622=VECTOR('',#2724,1.155);
#623=VECTOR('',#2735,1.155);
#624=VECTOR('',#2748,1.65);
#625=VECTOR('',#2781,1000.);
#626=VECTOR('',#2784,1000.);
#627=VECTOR('',#2787,1000.);
#628=VECTOR('',#2788,1000.);
#629=VECTOR('',#2791,1000.);
#630=VECTOR('',#2794,1000.);
#631=VECTOR('',#2827,1000.);
#632=VECTOR('',#2830,1000.);
#633=VECTOR('',#2841,1.65);
#634=VECTOR('',#2850,1.155);
#635=VECTOR('',#2853,1.155);
#636=CIRCLE('',#1940,6.769525);
#637=CIRCLE('',#1941,6.769525);
#638=CIRCLE('',#1943,2.525);
#639=CIRCLE('',#1944,2.525);
#640=CIRCLE('',#1945,1.155);
#641=CIRCLE('',#1946,1.155);
#642=CIRCLE('',#1948,1.155);
#643=CIRCLE('',#1950,2.525);
#644=CIRCLE('',#1951,2.525);
#645=CIRCLE('',#1952,1.155);
#646=CIRCLE('',#1953,1.155);
#647=CIRCLE('',#1957,1.155);
#648=CIRCLE('',#1958,1.155);
#649=CIRCLE('',#1959,1.155);
#650=CIRCLE('',#1964,0.56);
#651=CIRCLE('',#1965,0.56);
#652=CIRCLE('',#1967,0.56);
#653=CIRCLE('',#1968,0.56);
#654=CIRCLE('',#1970,0.56);
#655=CIRCLE('',#1971,0.56);
#656=CIRCLE('',#1973,0.56);
#657=CIRCLE('',#1974,0.56);
#658=CIRCLE('',#1976,1.7);
#659=CIRCLE('',#1977,1.7);
#660=CIRCLE('',#1986,1.155);
#661=CIRCLE('',#1987,0.2525);
#662=CIRCLE('',#1988,0.252500000000001);
#663=CIRCLE('',#1989,1.155);
#664=CIRCLE('',#1990,0.252499999999999);
#665=CIRCLE('',#1991,2.2725);
#666=CIRCLE('',#1992,0.2525);
#667=CIRCLE('',#1993,1.155);
#668=CIRCLE('',#1994,0.252500000000001);
#669=CIRCLE('',#1995,0.2525);
#670=CIRCLE('',#1996,1.155);
#671=CIRCLE('',#1999,0.252499999999999);
#672=CIRCLE('',#2001,0.252500000000001);
#673=CIRCLE('',#2005,0.2525);
#674=CIRCLE('',#2007,0.2525);
#675=CIRCLE('',#2011,0.252500000000001);
#676=CIRCLE('',#2013,0.2525);
#677=CIRCLE('',#2017,2.2725);
#678=CIRCLE('',#2020,1.155);
#679=CIRCLE('',#2022,1.155);
#680=CIRCLE('',#2023,1.155);
#681=CIRCLE('',#2024,1.155);
#682=CIRCLE('',#2026,1.155);
#683=CIRCLE('',#2027,1.155);
#684=CIRCLE('',#2028,1.155);
#685=CIRCLE('',#2030,6.769525);
#686=CIRCLE('',#2031,2.525);
#687=CIRCLE('',#2032,6.769525);
#688=CIRCLE('',#2033,2.525);
#689=CIRCLE('',#2034,1.155);
#690=CIRCLE('',#2036,1.155);
#691=CIRCLE('',#2038,2.525);
#692=CIRCLE('',#2040,6.769525);
#693=CIRCLE('',#2042,2.525);
#694=CIRCLE('',#2044,6.769525);
#695=CIRCLE('',#2047,1.155);
#696=CIRCLE('',#2057,6.769525);
#697=CIRCLE('',#2058,6.769525);
#698=CIRCLE('',#2060,2.525);
#699=CIRCLE('',#2061,2.525);
#700=CIRCLE('',#2062,1.155);
#701=CIRCLE('',#2063,1.155);
#702=CIRCLE('',#2065,1.155);
#703=CIRCLE('',#2067,2.525);
#704=CIRCLE('',#2068,2.525);
#705=CIRCLE('',#2069,1.155);
#706=CIRCLE('',#2070,1.155);
#707=CIRCLE('',#2074,1.155);
#708=CIRCLE('',#2075,1.155);
#709=CIRCLE('',#2076,1.155);
#710=CIRCLE('',#2081,0.56);
#711=CIRCLE('',#2082,0.56);
#712=CIRCLE('',#2084,0.56);
#713=CIRCLE('',#2085,0.56);
#714=CIRCLE('',#2087,0.56);
#715=CIRCLE('',#2088,0.56);
#716=CIRCLE('',#2090,0.56);
#717=CIRCLE('',#2091,0.56);
#718=CIRCLE('',#2093,1.7);
#719=CIRCLE('',#2094,1.7);
#720=CIRCLE('',#2107,1.155);
#721=CIRCLE('',#2108,1.155);
#722=CIRCLE('',#2109,1.155);
#723=CIRCLE('',#2111,1.155);
#724=CIRCLE('',#2115,1.155);
#725=CIRCLE('',#2116,1.155);
#726=CIRCLE('',#2117,1.155);
#727=CIRCLE('',#2119,6.769525);
#728=CIRCLE('',#2120,2.525);
#729=CIRCLE('',#2121,6.769525);
#730=CIRCLE('',#2122,2.525);
#731=CIRCLE('',#2123,1.155);
#732=CIRCLE('',#2125,6.769525);
#733=CIRCLE('',#2126,2.525);
#734=CIRCLE('',#2127,6.769525);
#735=CIRCLE('',#2128,2.525);
#736=CIRCLE('',#2129,1.155);
#737=CIRCLE('',#2143,1.155);
#738=CIRCLE('',#2144,1.155);
#739=CIRCLE('',#2145,1.155);
#740=CIRCLE('',#2149,1.65);
#741=CIRCLE('',#2150,0.159);
#742=CIRCLE('',#2151,1.491);
#743=CIRCLE('',#2153,1.65);
#744=CIRCLE('',#2155,7.83728000000002);
#745=CIRCLE('',#2156,2.92);
#746=CIRCLE('',#2157,7.83728000000002);
#747=CIRCLE('',#2158,2.92);
#748=CIRCLE('',#2159,1.491);
#749=CIRCLE('',#2161,7.83728000000002);
#750=CIRCLE('',#2162,2.92);
#751=CIRCLE('',#2163,7.83728000000002);
#752=CIRCLE('',#2164,2.92);
#753=CIRCLE('',#2165,1.155);
#754=CIRCLE('',#2166,1.155);
#755=CIRCLE('',#2168,7.85187999999999);
#756=CIRCLE('',#2169,7.85187999999999);
#757=CIRCLE('',#2175,1.491);
#758=CIRCLE('',#2176,0.159);
#759=CIRCLE('',#2178,2.92);
#760=CIRCLE('',#2179,7.85187999999999);
#761=CIRCLE('',#2180,2.92);
#762=CIRCLE('',#2181,1.491);
#763=CIRCLE('',#2183,2.92);
#764=CIRCLE('',#2184,7.85187999999999);
#765=CIRCLE('',#2185,2.92);
#766=CIRCLE('',#2186,1.155);
#767=CIRCLE('',#2187,1.155);
#768=CIRCLE('',#2192,1.65);
#769=CIRCLE('',#2193,0.159);
#770=CIRCLE('',#2195,1.65);
#771=CIRCLE('',#2197,0.158999999999999);
#772=VERTEX_POINT('',#2865);
#773=VERTEX_POINT('',#2866);
#774=VERTEX_POINT('',#2868);
#775=VERTEX_POINT('',#2870);
#776=VERTEX_POINT('',#2874);
#777=VERTEX_POINT('',#2875);
#778=VERTEX_POINT('',#2877);
#779=VERTEX_POINT('',#2879);
#780=VERTEX_POINT('',#2883);
#781=VERTEX_POINT('',#2885);
#782=VERTEX_POINT('',#2888);
#783=VERTEX_POINT('',#2892);
#784=VERTEX_POINT('',#2893);
#785=VERTEX_POINT('',#2895);
#786=VERTEX_POINT('',#2897);
#787=VERTEX_POINT('',#2901);
#788=VERTEX_POINT('',#2903);
#789=VERTEX_POINT('',#2910);
#790=VERTEX_POINT('',#2911);
#791=VERTEX_POINT('',#2913);
#792=VERTEX_POINT('',#2915);
#793=VERTEX_POINT('',#2917);
#794=VERTEX_POINT('',#2925);
#795=VERTEX_POINT('',#2927);
#796=VERTEX_POINT('',#2931);
#797=VERTEX_POINT('',#2933);
#798=VERTEX_POINT('',#2937);
#799=VERTEX_POINT('',#2938);
#800=VERTEX_POINT('',#2940);
#801=VERTEX_POINT('',#2942);
#802=VERTEX_POINT('',#2946);
#803=VERTEX_POINT('',#2947);
#804=VERTEX_POINT('',#2949);
#805=VERTEX_POINT('',#2951);
#806=VERTEX_POINT('',#2955);
#807=VERTEX_POINT('',#2957);
#808=VERTEX_POINT('',#2974);
#809=VERTEX_POINT('',#2975);
#810=VERTEX_POINT('',#2977);
#811=VERTEX_POINT('',#2979);
#812=VERTEX_POINT('',#2981);
#813=VERTEX_POINT('',#2983);
#814=VERTEX_POINT('',#2985);
#815=VERTEX_POINT('',#2987);
#816=VERTEX_POINT('',#2989);
#817=VERTEX_POINT('',#2991);
#818=VERTEX_POINT('',#2993);
#819=VERTEX_POINT('',#2995);
#820=VERTEX_POINT('',#2997);
#821=VERTEX_POINT('',#2999);
#822=VERTEX_POINT('',#3001);
#823=VERTEX_POINT('',#3003);
#824=VERTEX_POINT('',#3005);
#825=VERTEX_POINT('',#3007);
#826=VERTEX_POINT('',#3009);
#827=VERTEX_POINT('',#3013);
#828=VERTEX_POINT('',#3014);
#829=VERTEX_POINT('',#3019);
#830=VERTEX_POINT('',#3023);
#831=VERTEX_POINT('',#3024);
#832=VERTEX_POINT('',#3029);
#833=VERTEX_POINT('',#3033);
#834=VERTEX_POINT('',#3037);
#835=VERTEX_POINT('',#3041);
#836=VERTEX_POINT('',#3042);
#837=VERTEX_POINT('',#3047);
#838=VERTEX_POINT('',#3051);
#839=VERTEX_POINT('',#3055);
#840=VERTEX_POINT('',#3059);
#841=VERTEX_POINT('',#3060);
#842=VERTEX_POINT('',#3065);
#843=VERTEX_POINT('',#3069);
#844=VERTEX_POINT('',#3073);
#845=VERTEX_POINT('',#3079);
#846=VERTEX_POINT('',#3082);
#847=VERTEX_POINT('',#3088);
#848=VERTEX_POINT('',#3089);
#849=VERTEX_POINT('',#3091);
#850=VERTEX_POINT('',#3093);
#851=VERTEX_POINT('',#3095);
#852=VERTEX_POINT('',#3099);
#853=VERTEX_POINT('',#3100);
#854=VERTEX_POINT('',#3102);
#855=VERTEX_POINT('',#3104);
#856=VERTEX_POINT('',#3107);
#857=VERTEX_POINT('',#3112);
#858=VERTEX_POINT('',#3113);
#859=VERTEX_POINT('',#3118);
#860=VERTEX_POINT('',#3122);
#861=VERTEX_POINT('',#3129);
#862=VERTEX_POINT('',#3143);
#863=VERTEX_POINT('',#3144);
#864=VERTEX_POINT('',#3146);
#865=VERTEX_POINT('',#3148);
#866=VERTEX_POINT('',#3152);
#867=VERTEX_POINT('',#3153);
#868=VERTEX_POINT('',#3155);
#869=VERTEX_POINT('',#3157);
#870=VERTEX_POINT('',#3161);
#871=VERTEX_POINT('',#3163);
#872=VERTEX_POINT('',#3166);
#873=VERTEX_POINT('',#3170);
#874=VERTEX_POINT('',#3171);
#875=VERTEX_POINT('',#3173);
#876=VERTEX_POINT('',#3175);
#877=VERTEX_POINT('',#3179);
#878=VERTEX_POINT('',#3181);
#879=VERTEX_POINT('',#3188);
#880=VERTEX_POINT('',#3189);
#881=VERTEX_POINT('',#3191);
#882=VERTEX_POINT('',#3193);
#883=VERTEX_POINT('',#3195);
#884=VERTEX_POINT('',#3203);
#885=VERTEX_POINT('',#3205);
#886=VERTEX_POINT('',#3209);
#887=VERTEX_POINT('',#3211);
#888=VERTEX_POINT('',#3215);
#889=VERTEX_POINT('',#3216);
#890=VERTEX_POINT('',#3218);
#891=VERTEX_POINT('',#3220);
#892=VERTEX_POINT('',#3224);
#893=VERTEX_POINT('',#3225);
#894=VERTEX_POINT('',#3227);
#895=VERTEX_POINT('',#3229);
#896=VERTEX_POINT('',#3233);
#897=VERTEX_POINT('',#3235);
#898=VERTEX_POINT('',#3252);
#899=VERTEX_POINT('',#3253);
#900=VERTEX_POINT('',#3257);
#901=VERTEX_POINT('',#3258);
#902=VERTEX_POINT('',#3262);
#903=VERTEX_POINT('',#3263);
#904=VERTEX_POINT('',#3265);
#905=VERTEX_POINT('',#3267);
#906=VERTEX_POINT('',#3269);
#907=VERTEX_POINT('',#3273);
#908=VERTEX_POINT('',#3279);
#909=VERTEX_POINT('',#3280);
#910=VERTEX_POINT('',#3282);
#911=VERTEX_POINT('',#3284);
#912=VERTEX_POINT('',#3286);
#913=VERTEX_POINT('',#3290);
#914=VERTEX_POINT('',#3291);
#915=VERTEX_POINT('',#3293);
#916=VERTEX_POINT('',#3295);
#917=VERTEX_POINT('',#3298);
#918=VERTEX_POINT('',#3301);
#919=VERTEX_POINT('',#3302);
#920=VERTEX_POINT('',#3304);
#921=VERTEX_POINT('',#3306);
#922=VERTEX_POINT('',#3309);
#923=VERTEX_POINT('',#3331);
#924=VERTEX_POINT('',#3338);
#925=VERTEX_POINT('',#3340);
#926=VERTEX_POINT('',#3344);
#927=VERTEX_POINT('',#3348);
#928=VERTEX_POINT('',#3349);
#929=VERTEX_POINT('',#3351);
#930=VERTEX_POINT('',#3353);
#931=VERTEX_POINT('',#3356);
#932=VERTEX_POINT('',#3359);
#933=VERTEX_POINT('',#3360);
#934=VERTEX_POINT('',#3362);
#935=VERTEX_POINT('',#3364);
#936=VERTEX_POINT('',#3367);
#937=VERTEX_POINT('',#3369);
#938=VERTEX_POINT('',#3372);
#939=VERTEX_POINT('',#3373);
#940=VERTEX_POINT('',#3375);
#941=VERTEX_POINT('',#3377);
#942=VERTEX_POINT('',#3389);
#943=VERTEX_POINT('',#3393);
#944=VERTEX_POINT('',#3395);
#945=VERTEX_POINT('',#3398);
#946=VERTEX_POINT('',#3401);
#947=VERTEX_POINT('',#3403);
#948=VERTEX_POINT('',#3406);
#949=VERTEX_POINT('',#3408);
#950=VERTEX_POINT('',#3416);
#951=VERTEX_POINT('',#3420);
#952=EDGE_CURVE('',#772,#773,#636,.T.);
#953=EDGE_CURVE('',#774,#772,#388,.T.);
#954=EDGE_CURVE('',#774,#775,#637,.T.);
#955=EDGE_CURVE('',#775,#773,#389,.T.);
#956=EDGE_CURVE('',#776,#777,#390,.T.);
#957=EDGE_CURVE('',#777,#778,#391,.T.);
#958=EDGE_CURVE('',#778,#779,#392,.T.);
#959=EDGE_CURVE('',#779,#775,#638,.T.);
#960=EDGE_CURVE('',#774,#776,#639,.T.);
#961=EDGE_CURVE('',#780,#780,#640,.T.);
#962=EDGE_CURVE('',#781,#781,#641,.F.);
#963=EDGE_CURVE('',#780,#782,#393,.T.);
#964=EDGE_CURVE('',#782,#782,#642,.T.);
#965=EDGE_CURVE('',#783,#784,#394,.T.);
#966=EDGE_CURVE('',#783,#785,#395,.T.);
#967=EDGE_CURVE('',#786,#785,#396,.T.);
#968=EDGE_CURVE('',#772,#786,#643,.T.);
#969=EDGE_CURVE('',#784,#773,#644,.T.);
#970=EDGE_CURVE('',#787,#787,#645,.F.);
#971=EDGE_CURVE('',#788,#788,#646,.T.);
#972=EDGE_CURVE('',#776,#786,#397,.T.);
#973=EDGE_CURVE('',#784,#779,#398,.F.);
#974=EDGE_CURVE('',#789,#790,#399,.T.);
#975=EDGE_CURVE('',#791,#790,#647,.T.);
#976=EDGE_CURVE('',#792,#791,#648,.T.);
#977=EDGE_CURVE('',#793,#792,#400,.T.);
#978=EDGE_CURVE('',#789,#793,#649,.T.);
#979=EDGE_CURVE('',#789,#790,#48,.T.);
#980=EDGE_CURVE('',#792,#793,#49,.T.);
#981=EDGE_CURVE('',#791,#788,#401,.T.);
#982=EDGE_CURVE('',#794,#777,#650,.F.);
#983=EDGE_CURVE('',#795,#794,#402,.F.);
#984=EDGE_CURVE('',#778,#795,#651,.F.);
#985=EDGE_CURVE('',#796,#783,#652,.T.);
#986=EDGE_CURVE('',#797,#796,#403,.F.);
#987=EDGE_CURVE('',#785,#797,#653,.T.);
#988=EDGE_CURVE('',#798,#799,#654,.F.);
#989=EDGE_CURVE('',#800,#798,#404,.F.);
#990=EDGE_CURVE('',#801,#800,#655,.F.);
#991=EDGE_CURVE('',#799,#801,#405,.T.);
#992=EDGE_CURVE('',#802,#803,#656,.F.);
#993=EDGE_CURVE('',#804,#802,#406,.F.);
#994=EDGE_CURVE('',#805,#804,#657,.F.);
#995=EDGE_CURVE('',#803,#805,#407,.T.);
#996=EDGE_CURVE('',#806,#806,#658,.T.);
#997=EDGE_CURVE('',#806,#807,#408,.T.);
#998=EDGE_CURVE('',#807,#807,#659,.T.);
#999=EDGE_CURVE('',#800,#802,#409,.T.);
#1000=EDGE_CURVE('',#804,#798,#410,.T.);
#1001=EDGE_CURVE('',#797,#799,#411,.T.);
#1002=EDGE_CURVE('',#796,#805,#412,.T.);
#1003=EDGE_CURVE('',#794,#801,#413,.T.);
#1004=EDGE_CURVE('',#795,#803,#414,.T.);
#1005=EDGE_CURVE('',#808,#809,#660,.T.);
#1006=EDGE_CURVE('',#808,#810,#661,.T.);
#1007=EDGE_CURVE('',#810,#811,#415,.T.);
#1008=EDGE_CURVE('',#811,#812,#416,.T.);
#1009=EDGE_CURVE('',#812,#813,#662,.T.);
#1010=EDGE_CURVE('',#814,#813,#663,.T.);
#1011=EDGE_CURVE('',#814,#815,#664,.T.);
#1012=EDGE_CURVE('',#815,#816,#417,.T.);
#1013=EDGE_CURVE('',#816,#817,#418,.T.);
#1014=EDGE_CURVE('',#817,#818,#665,.T.);
#1015=EDGE_CURVE('',#818,#819,#419,.T.);
#1016=EDGE_CURVE('',#819,#820,#420,.T.);
#1017=EDGE_CURVE('',#820,#821,#666,.T.);
#1018=EDGE_CURVE('',#822,#821,#667,.T.);
#1019=EDGE_CURVE('',#822,#823,#668,.T.);
#1020=EDGE_CURVE('',#823,#824,#421,.T.);
#1021=EDGE_CURVE('',#824,#825,#422,.T.);
#1022=EDGE_CURVE('',#825,#826,#669,.T.);
#1023=EDGE_CURVE('',#809,#826,#670,.T.);
#1024=EDGE_CURVE('',#827,#828,#423,.T.);
#1025=EDGE_CURVE('',#816,#828,#424,.T.);
#1026=EDGE_CURVE('',#815,#827,#425,.T.);
#1027=EDGE_CURVE('',#814,#829,#426,.T.);
#1028=EDGE_CURVE('',#829,#827,#671,.T.);
#1029=EDGE_CURVE('',#830,#831,#672,.T.);
#1030=EDGE_CURVE('',#831,#813,#427,.F.);
#1031=EDGE_CURVE('',#812,#830,#428,.T.);
#1032=EDGE_CURVE('',#832,#830,#429,.T.);
#1033=EDGE_CURVE('',#811,#832,#430,.T.);
#1034=EDGE_CURVE('',#833,#832,#431,.T.);
#1035=EDGE_CURVE('',#810,#833,#432,.T.);
#1036=EDGE_CURVE('',#808,#834,#433,.T.);
#1037=EDGE_CURVE('',#834,#833,#673,.T.);
#1038=EDGE_CURVE('',#835,#836,#674,.T.);
#1039=EDGE_CURVE('',#836,#826,#434,.F.);
#1040=EDGE_CURVE('',#825,#835,#435,.T.);
#1041=EDGE_CURVE('',#837,#835,#436,.T.);
#1042=EDGE_CURVE('',#824,#837,#437,.T.);
#1043=EDGE_CURVE('',#838,#837,#438,.T.);
#1044=EDGE_CURVE('',#823,#838,#439,.T.);
#1045=EDGE_CURVE('',#822,#839,#440,.T.);
#1046=EDGE_CURVE('',#839,#838,#675,.T.);
#1047=EDGE_CURVE('',#840,#841,#676,.T.);
#1048=EDGE_CURVE('',#841,#821,#441,.F.);
#1049=EDGE_CURVE('',#820,#840,#442,.T.);
#1050=EDGE_CURVE('',#842,#840,#443,.T.);
#1051=EDGE_CURVE('',#819,#842,#444,.T.);
#1052=EDGE_CURVE('',#843,#842,#445,.T.);
#1053=EDGE_CURVE('',#818,#843,#446,.T.);
#1054=EDGE_CURVE('',#844,#843,#677,.T.);
#1055=EDGE_CURVE('',#817,#844,#447,.T.);
#1056=EDGE_CURVE('',#828,#844,#448,.T.);
#1057=EDGE_CURVE('',#845,#845,#678,.T.);
#1058=EDGE_CURVE('',#846,#831,#679,.F.);
#1059=EDGE_CURVE('',#846,#845,#449,.T.);
#1060=EDGE_CURVE('',#839,#846,#680,.F.);
#1061=EDGE_CURVE('',#829,#841,#681,.F.);
#1062=EDGE_CURVE('',#847,#848,#450,.T.);
#1063=EDGE_CURVE('',#849,#847,#682,.T.);
#1064=EDGE_CURVE('',#850,#849,#683,.T.);
#1065=EDGE_CURVE('',#851,#850,#451,.T.);
#1066=EDGE_CURVE('',#848,#851,#684,.T.);
#1067=EDGE_CURVE('',#852,#853,#685,.T.);
#1068=EDGE_CURVE('',#854,#853,#686,.T.);
#1069=EDGE_CURVE('',#854,#855,#687,.T.);
#1070=EDGE_CURVE('',#852,#855,#688,.T.);
#1071=EDGE_CURVE('',#856,#856,#689,.F.);
#1072=EDGE_CURVE('',#836,#834,#690,.T.);
#1073=EDGE_CURVE('',#857,#858,#691,.T.);
#1074=EDGE_CURVE('',#852,#857,#452,.T.);
#1075=EDGE_CURVE('',#855,#858,#453,.T.);
#1076=EDGE_CURVE('',#859,#858,#692,.T.);
#1077=EDGE_CURVE('',#854,#859,#454,.T.);
#1078=EDGE_CURVE('',#859,#860,#693,.T.);
#1079=EDGE_CURVE('',#853,#860,#455,.T.);
#1080=EDGE_CURVE('',#857,#860,#694,.T.);
#1081=EDGE_CURVE('',#809,#861,#456,.T.);
#1082=EDGE_CURVE('',#861,#861,#695,.T.);
#1083=EDGE_CURVE('',#781,#856,#457,.T.);
#1084=EDGE_CURVE('',#850,#851,#50,.T.);
#1085=EDGE_CURVE('',#848,#847,#51,.T.);
#1086=EDGE_CURVE('',#849,#787,#458,.T.);
#1087=EDGE_CURVE('',#862,#863,#696,.T.);
#1088=EDGE_CURVE('',#864,#862,#459,.T.);
#1089=EDGE_CURVE('',#864,#865,#697,.T.);
#1090=EDGE_CURVE('',#865,#863,#460,.T.);
#1091=EDGE_CURVE('',#866,#867,#461,.T.);
#1092=EDGE_CURVE('',#867,#868,#462,.T.);
#1093=EDGE_CURVE('',#868,#869,#463,.T.);
#1094=EDGE_CURVE('',#869,#865,#698,.T.);
#1095=EDGE_CURVE('',#864,#866,#699,.T.);
#1096=EDGE_CURVE('',#870,#870,#700,.T.);
#1097=EDGE_CURVE('',#871,#871,#701,.F.);
#1098=EDGE_CURVE('',#870,#872,#464,.T.);
#1099=EDGE_CURVE('',#872,#872,#702,.T.);
#1100=EDGE_CURVE('',#873,#874,#465,.T.);
#1101=EDGE_CURVE('',#873,#875,#466,.T.);
#1102=EDGE_CURVE('',#876,#875,#467,.T.);
#1103=EDGE_CURVE('',#862,#876,#703,.T.);
#1104=EDGE_CURVE('',#874,#863,#704,.T.);
#1105=EDGE_CURVE('',#877,#877,#705,.F.);
#1106=EDGE_CURVE('',#878,#878,#706,.T.);
#1107=EDGE_CURVE('',#866,#876,#468,.T.);
#1108=EDGE_CURVE('',#874,#869,#469,.F.);
#1109=EDGE_CURVE('',#879,#880,#470,.T.);
#1110=EDGE_CURVE('',#881,#880,#707,.T.);
#1111=EDGE_CURVE('',#882,#881,#708,.T.);
#1112=EDGE_CURVE('',#883,#882,#471,.T.);
#1113=EDGE_CURVE('',#879,#883,#709,.T.);
#1114=EDGE_CURVE('',#879,#880,#52,.T.);
#1115=EDGE_CURVE('',#882,#883,#53,.T.);
#1116=EDGE_CURVE('',#881,#878,#472,.T.);
#1117=EDGE_CURVE('',#884,#867,#710,.F.);
#1118=EDGE_CURVE('',#885,#884,#473,.F.);
#1119=EDGE_CURVE('',#868,#885,#711,.F.);
#1120=EDGE_CURVE('',#886,#873,#712,.T.);
#1121=EDGE_CURVE('',#887,#886,#474,.F.);
#1122=EDGE_CURVE('',#875,#887,#713,.T.);
#1123=EDGE_CURVE('',#888,#889,#714,.F.);
#1124=EDGE_CURVE('',#890,#888,#475,.F.);
#1125=EDGE_CURVE('',#891,#890,#715,.F.);
#1126=EDGE_CURVE('',#889,#891,#476,.T.);
#1127=EDGE_CURVE('',#892,#893,#716,.F.);
#1128=EDGE_CURVE('',#894,#892,#477,.F.);
#1129=EDGE_CURVE('',#895,#894,#717,.F.);
#1130=EDGE_CURVE('',#893,#895,#478,.T.);
#1131=EDGE_CURVE('',#896,#896,#718,.T.);
#1132=EDGE_CURVE('',#896,#897,#479,.T.);
#1133=EDGE_CURVE('',#897,#897,#719,.T.);
#1134=EDGE_CURVE('',#890,#892,#480,.T.);
#1135=EDGE_CURVE('',#894,#888,#481,.T.);
#1136=EDGE_CURVE('',#887,#889,#482,.T.);
#1137=EDGE_CURVE('',#886,#895,#483,.T.);
#1138=EDGE_CURVE('',#884,#891,#484,.T.);
#1139=EDGE_CURVE('',#885,#893,#485,.T.);
#1140=EDGE_CURVE('',#898,#899,#54,.T.);
#1141=EDGE_CURVE('',#898,#899,#486,.T.);
#1142=EDGE_CURVE('',#900,#901,#55,.T.);
#1143=EDGE_CURVE('',#901,#900,#487,.T.);
#1144=EDGE_CURVE('',#902,#903,#488,.T.);
#1145=EDGE_CURVE('',#902,#904,#720,.T.);
#1146=EDGE_CURVE('',#904,#905,#489,.T.);
#1147=EDGE_CURVE('',#905,#906,#721,.T.);
#1148=EDGE_CURVE('',#906,#903,#722,.T.);
#1149=EDGE_CURVE('',#907,#907,#723,.F.);
#1150=EDGE_CURVE('',#907,#906,#490,.T.);
#1151=EDGE_CURVE('',#904,#905,#56,.T.);
#1152=EDGE_CURVE('',#903,#902,#57,.T.);
#1153=EDGE_CURVE('',#908,#909,#491,.T.);
#1154=EDGE_CURVE('',#910,#908,#724,.T.);
#1155=EDGE_CURVE('',#911,#910,#725,.T.);
#1156=EDGE_CURVE('',#912,#911,#492,.T.);
#1157=EDGE_CURVE('',#909,#912,#726,.T.);
#1158=EDGE_CURVE('',#913,#914,#727,.T.);
#1159=EDGE_CURVE('',#915,#914,#728,.T.);
#1160=EDGE_CURVE('',#915,#916,#729,.T.);
#1161=EDGE_CURVE('',#913,#916,#730,.T.);
#1162=EDGE_CURVE('',#917,#917,#731,.F.);
#1163=EDGE_CURVE('',#918,#919,#732,.T.);
#1164=EDGE_CURVE('',#918,#920,#733,.T.);
#1165=EDGE_CURVE('',#921,#920,#734,.T.);
#1166=EDGE_CURVE('',#921,#919,#735,.T.);
#1167=EDGE_CURVE('',#922,#922,#736,.T.);
#1168=EDGE_CURVE('',#913,#918,#493,.T.);
#1169=EDGE_CURVE('',#916,#920,#494,.T.);
#1170=EDGE_CURVE('',#915,#921,#495,.T.);
#1171=EDGE_CURVE('',#914,#919,#496,.T.);
#1172=EDGE_CURVE('',#871,#917,#497,.T.);
#1173=EDGE_CURVE('',#911,#912,#58,.T.);
#1174=EDGE_CURVE('',#909,#908,#59,.T.);
#1175=EDGE_CURVE('',#910,#877,#498,.T.);
#1176=EDGE_CURVE('',#901,#898,#737,.T.);
#1177=EDGE_CURVE('',#899,#923,#738,.T.);
#1178=EDGE_CURVE('',#923,#900,#739,.T.);
#1179=EDGE_CURVE('',#922,#923,#499,.T.);
#1180=EDGE_CURVE('',#924,#924,#740,.T.);
#1181=EDGE_CURVE('',#924,#925,#741,.T.);
#1182=EDGE_CURVE('',#925,#925,#742,.F.);
#1183=EDGE_CURVE('',#924,#926,#500,.T.);
#1184=EDGE_CURVE('',#926,#926,#743,.T.);
#1185=EDGE_CURVE('',#927,#928,#744,.T.);
#1186=EDGE_CURVE('',#927,#929,#745,.T.);
#1187=EDGE_CURVE('',#930,#929,#746,.T.);
#1188=EDGE_CURVE('',#930,#928,#747,.T.);
#1189=EDGE_CURVE('',#931,#931,#748,.T.);
#1190=EDGE_CURVE('',#932,#933,#749,.T.);
#1191=EDGE_CURVE('',#934,#933,#750,.T.);
#1192=EDGE_CURVE('',#934,#935,#751,.T.);
#1193=EDGE_CURVE('',#932,#935,#752,.T.);
#1194=EDGE_CURVE('',#936,#936,#753,.T.);
#1195=EDGE_CURVE('',#937,#937,#754,.T.);
#1196=EDGE_CURVE('',#938,#939,#755,.T.);
#1197=EDGE_CURVE('',#940,#939,#501,.T.);
#1198=EDGE_CURVE('',#941,#940,#756,.T.);
#1199=EDGE_CURVE('',#941,#938,#502,.T.);
#1200=EDGE_CURVE('',#929,#935,#503,.T.);
#1201=EDGE_CURVE('',#927,#932,#504,.T.);
#1202=EDGE_CURVE('',#930,#934,#505,.T.);
#1203=EDGE_CURVE('',#928,#933,#506,.T.);
#1204=EDGE_CURVE('',#942,#942,#757,.T.);
#1205=EDGE_CURVE('',#942,#926,#758,.T.);
#1206=EDGE_CURVE('',#943,#940,#759,.T.);
#1207=EDGE_CURVE('',#943,#944,#760,.T.);
#1208=EDGE_CURVE('',#941,#944,#761,.T.);
#1209=EDGE_CURVE('',#945,#945,#762,.T.);
#1210=EDGE_CURVE('',#938,#946,#763,.T.);
#1211=EDGE_CURVE('',#947,#946,#764,.T.);
#1212=EDGE_CURVE('',#947,#939,#765,.T.);
#1213=EDGE_CURVE('',#948,#948,#766,.T.);
#1214=EDGE_CURVE('',#949,#949,#767,.T.);
#1215=EDGE_CURVE('',#944,#946,#507,.T.);
#1216=EDGE_CURVE('',#943,#947,#508,.T.);
#1217=EDGE_CURVE('',#950,#950,#768,.T.);
#1218=EDGE_CURVE('',#950,#931,#769,.T.);
#1219=EDGE_CURVE('',#950,#951,#509,.T.);
#1220=EDGE_CURVE('',#951,#951,#770,.T.);
#1221=EDGE_CURVE('',#945,#951,#771,.T.);
#1222=EDGE_CURVE('',#949,#937,#510,.T.);
#1223=EDGE_CURVE('',#948,#936,#511,.T.);
#1224=ORIENTED_EDGE('',*,*,#952,.F.);
#1225=ORIENTED_EDGE('',*,*,#953,.F.);
#1226=ORIENTED_EDGE('',*,*,#954,.T.);
#1227=ORIENTED_EDGE('',*,*,#955,.T.);
#1228=ORIENTED_EDGE('',*,*,#956,.T.);
#1229=ORIENTED_EDGE('',*,*,#957,.T.);
#1230=ORIENTED_EDGE('',*,*,#958,.T.);
#1231=ORIENTED_EDGE('',*,*,#959,.T.);
#1232=ORIENTED_EDGE('',*,*,#954,.F.);
#1233=ORIENTED_EDGE('',*,*,#960,.T.);
#1234=ORIENTED_EDGE('',*,*,#961,.F.);
#1235=ORIENTED_EDGE('',*,*,#962,.T.);
#1236=ORIENTED_EDGE('',*,*,#961,.T.);
#1237=ORIENTED_EDGE('',*,*,#963,.T.);
#1238=ORIENTED_EDGE('',*,*,#964,.F.);
#1239=ORIENTED_EDGE('',*,*,#963,.F.);
#1240=ORIENTED_EDGE('',*,*,#965,.F.);
#1241=ORIENTED_EDGE('',*,*,#966,.T.);
#1242=ORIENTED_EDGE('',*,*,#967,.F.);
#1243=ORIENTED_EDGE('',*,*,#968,.F.);
#1244=ORIENTED_EDGE('',*,*,#952,.T.);
#1245=ORIENTED_EDGE('',*,*,#969,.F.);
#1246=ORIENTED_EDGE('',*,*,#970,.F.);
#1247=ORIENTED_EDGE('',*,*,#971,.T.);
#1248=ORIENTED_EDGE('',*,*,#972,.F.);
#1249=ORIENTED_EDGE('',*,*,#960,.F.);
#1250=ORIENTED_EDGE('',*,*,#953,.T.);
#1251=ORIENTED_EDGE('',*,*,#968,.T.);
#1252=ORIENTED_EDGE('',*,*,#973,.F.);
#1253=ORIENTED_EDGE('',*,*,#969,.T.);
#1254=ORIENTED_EDGE('',*,*,#955,.F.);
#1255=ORIENTED_EDGE('',*,*,#959,.F.);
#1256=ORIENTED_EDGE('',*,*,#974,.T.);
#1257=ORIENTED_EDGE('',*,*,#975,.F.);
#1258=ORIENTED_EDGE('',*,*,#976,.F.);
#1259=ORIENTED_EDGE('',*,*,#977,.F.);
#1260=ORIENTED_EDGE('',*,*,#978,.F.);
#1261=ORIENTED_EDGE('',*,*,#979,.F.);
#1262=ORIENTED_EDGE('',*,*,#978,.T.);
#1263=ORIENTED_EDGE('',*,*,#980,.F.);
#1264=ORIENTED_EDGE('',*,*,#976,.T.);
#1265=ORIENTED_EDGE('',*,*,#981,.T.);
#1266=ORIENTED_EDGE('',*,*,#971,.F.);
#1267=ORIENTED_EDGE('',*,*,#981,.F.);
#1268=ORIENTED_EDGE('',*,*,#975,.T.);
#1269=ORIENTED_EDGE('',*,*,#982,.F.);
#1270=ORIENTED_EDGE('',*,*,#983,.F.);
#1271=ORIENTED_EDGE('',*,*,#984,.F.);
#1272=ORIENTED_EDGE('',*,*,#957,.F.);
#1273=ORIENTED_EDGE('',*,*,#985,.F.);
#1274=ORIENTED_EDGE('',*,*,#986,.F.);
#1275=ORIENTED_EDGE('',*,*,#987,.F.);
#1276=ORIENTED_EDGE('',*,*,#966,.F.);
#1277=ORIENTED_EDGE('',*,*,#988,.F.);
#1278=ORIENTED_EDGE('',*,*,#989,.F.);
#1279=ORIENTED_EDGE('',*,*,#990,.F.);
#1280=ORIENTED_EDGE('',*,*,#991,.F.);
#1281=ORIENTED_EDGE('',*,*,#992,.F.);
#1282=ORIENTED_EDGE('',*,*,#993,.F.);
#1283=ORIENTED_EDGE('',*,*,#994,.F.);
#1284=ORIENTED_EDGE('',*,*,#995,.F.);
#1285=ORIENTED_EDGE('',*,*,#996,.T.);
#1286=ORIENTED_EDGE('',*,*,#997,.T.);
#1287=ORIENTED_EDGE('',*,*,#998,.F.);
#1288=ORIENTED_EDGE('',*,*,#997,.F.);
#1289=ORIENTED_EDGE('',*,*,#999,.F.);
#1290=ORIENTED_EDGE('',*,*,#989,.T.);
#1291=ORIENTED_EDGE('',*,*,#1000,.F.);
#1292=ORIENTED_EDGE('',*,*,#993,.T.);
#1293=ORIENTED_EDGE('',*,*,#1000,.T.);
#1294=ORIENTED_EDGE('',*,*,#988,.T.);
#1295=ORIENTED_EDGE('',*,*,#1001,.F.);
#1296=ORIENTED_EDGE('',*,*,#986,.T.);
#1297=ORIENTED_EDGE('',*,*,#1002,.T.);
#1298=ORIENTED_EDGE('',*,*,#994,.T.);
#1299=ORIENTED_EDGE('',*,*,#996,.F.);
#1300=ORIENTED_EDGE('',*,*,#1003,.T.);
#1301=ORIENTED_EDGE('',*,*,#990,.T.);
#1302=ORIENTED_EDGE('',*,*,#999,.T.);
#1303=ORIENTED_EDGE('',*,*,#992,.T.);
#1304=ORIENTED_EDGE('',*,*,#1004,.F.);
#1305=ORIENTED_EDGE('',*,*,#983,.T.);
#1306=ORIENTED_EDGE('',*,*,#998,.T.);
#1307=ORIENTED_EDGE('',*,*,#1001,.T.);
#1308=ORIENTED_EDGE('',*,*,#991,.T.);
#1309=ORIENTED_EDGE('',*,*,#1003,.F.);
#1310=ORIENTED_EDGE('',*,*,#982,.T.);
#1311=ORIENTED_EDGE('',*,*,#956,.F.);
#1312=ORIENTED_EDGE('',*,*,#972,.T.);
#1313=ORIENTED_EDGE('',*,*,#967,.T.);
#1314=ORIENTED_EDGE('',*,*,#987,.T.);
#1315=ORIENTED_EDGE('',*,*,#1004,.T.);
#1316=ORIENTED_EDGE('',*,*,#995,.T.);
#1317=ORIENTED_EDGE('',*,*,#1002,.F.);
#1318=ORIENTED_EDGE('',*,*,#985,.T.);
#1319=ORIENTED_EDGE('',*,*,#965,.T.);
#1320=ORIENTED_EDGE('',*,*,#973,.T.);
#1321=ORIENTED_EDGE('',*,*,#958,.F.);
#1322=ORIENTED_EDGE('',*,*,#984,.T.);
#1323=ORIENTED_EDGE('',*,*,#980,.T.);
#1324=ORIENTED_EDGE('',*,*,#977,.T.);
#1325=ORIENTED_EDGE('',*,*,#979,.T.);
#1326=ORIENTED_EDGE('',*,*,#974,.F.);
#1327=ORIENTED_EDGE('',*,*,#1005,.F.);
#1328=ORIENTED_EDGE('',*,*,#1006,.T.);
#1329=ORIENTED_EDGE('',*,*,#1007,.T.);
#1330=ORIENTED_EDGE('',*,*,#1008,.T.);
#1331=ORIENTED_EDGE('',*,*,#1009,.T.);
#1332=ORIENTED_EDGE('',*,*,#1010,.F.);
#1333=ORIENTED_EDGE('',*,*,#1011,.T.);
#1334=ORIENTED_EDGE('',*,*,#1012,.T.);
#1335=ORIENTED_EDGE('',*,*,#1013,.T.);
#1336=ORIENTED_EDGE('',*,*,#1014,.T.);
#1337=ORIENTED_EDGE('',*,*,#1015,.T.);
#1338=ORIENTED_EDGE('',*,*,#1016,.T.);
#1339=ORIENTED_EDGE('',*,*,#1017,.T.);
#1340=ORIENTED_EDGE('',*,*,#1018,.F.);
#1341=ORIENTED_EDGE('',*,*,#1019,.T.);
#1342=ORIENTED_EDGE('',*,*,#1020,.T.);
#1343=ORIENTED_EDGE('',*,*,#1021,.T.);
#1344=ORIENTED_EDGE('',*,*,#1022,.T.);
#1345=ORIENTED_EDGE('',*,*,#1023,.F.);
#1346=ORIENTED_EDGE('',*,*,#1024,.T.);
#1347=ORIENTED_EDGE('',*,*,#1025,.F.);
#1348=ORIENTED_EDGE('',*,*,#1012,.F.);
#1349=ORIENTED_EDGE('',*,*,#1026,.T.);
#1350=ORIENTED_EDGE('',*,*,#1011,.F.);
#1351=ORIENTED_EDGE('',*,*,#1027,.T.);
#1352=ORIENTED_EDGE('',*,*,#1028,.T.);
#1353=ORIENTED_EDGE('',*,*,#1026,.F.);
#1354=ORIENTED_EDGE('',*,*,#1029,.T.);
#1355=ORIENTED_EDGE('',*,*,#1030,.T.);
#1356=ORIENTED_EDGE('',*,*,#1009,.F.);
#1357=ORIENTED_EDGE('',*,*,#1031,.T.);
#1358=ORIENTED_EDGE('',*,*,#1032,.T.);
#1359=ORIENTED_EDGE('',*,*,#1031,.F.);
#1360=ORIENTED_EDGE('',*,*,#1008,.F.);
#1361=ORIENTED_EDGE('',*,*,#1033,.T.);
#1362=ORIENTED_EDGE('',*,*,#1034,.T.);
#1363=ORIENTED_EDGE('',*,*,#1033,.F.);
#1364=ORIENTED_EDGE('',*,*,#1007,.F.);
#1365=ORIENTED_EDGE('',*,*,#1035,.T.);
#1366=ORIENTED_EDGE('',*,*,#1006,.F.);
#1367=ORIENTED_EDGE('',*,*,#1036,.T.);
#1368=ORIENTED_EDGE('',*,*,#1037,.T.);
#1369=ORIENTED_EDGE('',*,*,#1035,.F.);
#1370=ORIENTED_EDGE('',*,*,#1038,.T.);
#1371=ORIENTED_EDGE('',*,*,#1039,.T.);
#1372=ORIENTED_EDGE('',*,*,#1022,.F.);
#1373=ORIENTED_EDGE('',*,*,#1040,.T.);
#1374=ORIENTED_EDGE('',*,*,#1041,.T.);
#1375=ORIENTED_EDGE('',*,*,#1040,.F.);
#1376=ORIENTED_EDGE('',*,*,#1021,.F.);
#1377=ORIENTED_EDGE('',*,*,#1042,.T.);
#1378=ORIENTED_EDGE('',*,*,#1043,.T.);
#1379=ORIENTED_EDGE('',*,*,#1042,.F.);
#1380=ORIENTED_EDGE('',*,*,#1020,.F.);
#1381=ORIENTED_EDGE('',*,*,#1044,.T.);
#1382=ORIENTED_EDGE('',*,*,#1019,.F.);
#1383=ORIENTED_EDGE('',*,*,#1045,.T.);
#1384=ORIENTED_EDGE('',*,*,#1046,.T.);
#1385=ORIENTED_EDGE('',*,*,#1044,.F.);
#1386=ORIENTED_EDGE('',*,*,#1047,.T.);
#1387=ORIENTED_EDGE('',*,*,#1048,.T.);
#1388=ORIENTED_EDGE('',*,*,#1017,.F.);
#1389=ORIENTED_EDGE('',*,*,#1049,.T.);
#1390=ORIENTED_EDGE('',*,*,#1050,.T.);
#1391=ORIENTED_EDGE('',*,*,#1049,.F.);
#1392=ORIENTED_EDGE('',*,*,#1016,.F.);
#1393=ORIENTED_EDGE('',*,*,#1051,.T.);
#1394=ORIENTED_EDGE('',*,*,#1052,.T.);
#1395=ORIENTED_EDGE('',*,*,#1051,.F.);
#1396=ORIENTED_EDGE('',*,*,#1015,.F.);
#1397=ORIENTED_EDGE('',*,*,#1053,.T.);
#1398=ORIENTED_EDGE('',*,*,#1054,.T.);
#1399=ORIENTED_EDGE('',*,*,#1053,.F.);
#1400=ORIENTED_EDGE('',*,*,#1014,.F.);
#1401=ORIENTED_EDGE('',*,*,#1055,.T.);
#1402=ORIENTED_EDGE('',*,*,#1056,.T.);
#1403=ORIENTED_EDGE('',*,*,#1055,.F.);
#1404=ORIENTED_EDGE('',*,*,#1013,.F.);
#1405=ORIENTED_EDGE('',*,*,#1025,.T.);
#1406=ORIENTED_EDGE('',*,*,#1057,.T.);
#1407=ORIENTED_EDGE('',*,*,#1030,.F.);
#1408=ORIENTED_EDGE('',*,*,#1058,.F.);
#1409=ORIENTED_EDGE('',*,*,#1059,.T.);
#1410=ORIENTED_EDGE('',*,*,#1057,.F.);
#1411=ORIENTED_EDGE('',*,*,#1059,.F.);
#1412=ORIENTED_EDGE('',*,*,#1060,.F.);
#1413=ORIENTED_EDGE('',*,*,#1045,.F.);
#1414=ORIENTED_EDGE('',*,*,#1018,.T.);
#1415=ORIENTED_EDGE('',*,*,#1048,.F.);
#1416=ORIENTED_EDGE('',*,*,#1061,.F.);
#1417=ORIENTED_EDGE('',*,*,#1027,.F.);
#1418=ORIENTED_EDGE('',*,*,#1010,.T.);
#1419=ORIENTED_EDGE('',*,*,#1062,.F.);
#1420=ORIENTED_EDGE('',*,*,#1063,.F.);
#1421=ORIENTED_EDGE('',*,*,#1064,.F.);
#1422=ORIENTED_EDGE('',*,*,#1065,.F.);
#1423=ORIENTED_EDGE('',*,*,#1066,.F.);
#1424=ORIENTED_EDGE('',*,*,#1067,.T.);
#1425=ORIENTED_EDGE('',*,*,#1068,.F.);
#1426=ORIENTED_EDGE('',*,*,#1069,.T.);
#1427=ORIENTED_EDGE('',*,*,#1070,.F.);
#1428=ORIENTED_EDGE('',*,*,#1071,.F.);
#1429=ORIENTED_EDGE('',*,*,#964,.T.);
#1430=ORIENTED_EDGE('',*,*,#1043,.F.);
#1431=ORIENTED_EDGE('',*,*,#1046,.F.);
#1432=ORIENTED_EDGE('',*,*,#1060,.T.);
#1433=ORIENTED_EDGE('',*,*,#1058,.T.);
#1434=ORIENTED_EDGE('',*,*,#1029,.F.);
#1435=ORIENTED_EDGE('',*,*,#1032,.F.);
#1436=ORIENTED_EDGE('',*,*,#1034,.F.);
#1437=ORIENTED_EDGE('',*,*,#1037,.F.);
#1438=ORIENTED_EDGE('',*,*,#1072,.F.);
#1439=ORIENTED_EDGE('',*,*,#1038,.F.);
#1440=ORIENTED_EDGE('',*,*,#1041,.F.);
#1441=ORIENTED_EDGE('',*,*,#1073,.F.);
#1442=ORIENTED_EDGE('',*,*,#1074,.F.);
#1443=ORIENTED_EDGE('',*,*,#1070,.T.);
#1444=ORIENTED_EDGE('',*,*,#1075,.T.);
#1445=ORIENTED_EDGE('',*,*,#1076,.T.);
#1446=ORIENTED_EDGE('',*,*,#1075,.F.);
#1447=ORIENTED_EDGE('',*,*,#1069,.F.);
#1448=ORIENTED_EDGE('',*,*,#1077,.T.);
#1449=ORIENTED_EDGE('',*,*,#1078,.F.);
#1450=ORIENTED_EDGE('',*,*,#1077,.F.);
#1451=ORIENTED_EDGE('',*,*,#1068,.T.);
#1452=ORIENTED_EDGE('',*,*,#1079,.T.);
#1453=ORIENTED_EDGE('',*,*,#1080,.T.);
#1454=ORIENTED_EDGE('',*,*,#1079,.F.);
#1455=ORIENTED_EDGE('',*,*,#1067,.F.);
#1456=ORIENTED_EDGE('',*,*,#1074,.T.);
#1457=ORIENTED_EDGE('',*,*,#1080,.F.);
#1458=ORIENTED_EDGE('',*,*,#1073,.T.);
#1459=ORIENTED_EDGE('',*,*,#1076,.F.);
#1460=ORIENTED_EDGE('',*,*,#1078,.T.);
#1461=ORIENTED_EDGE('',*,*,#1061,.T.);
#1462=ORIENTED_EDGE('',*,*,#1047,.F.);
#1463=ORIENTED_EDGE('',*,*,#1050,.F.);
#1464=ORIENTED_EDGE('',*,*,#1052,.F.);
#1465=ORIENTED_EDGE('',*,*,#1054,.F.);
#1466=ORIENTED_EDGE('',*,*,#1056,.F.);
#1467=ORIENTED_EDGE('',*,*,#1024,.F.);
#1468=ORIENTED_EDGE('',*,*,#1028,.F.);
#1469=ORIENTED_EDGE('',*,*,#1039,.F.);
#1470=ORIENTED_EDGE('',*,*,#1072,.T.);
#1471=ORIENTED_EDGE('',*,*,#1036,.F.);
#1472=ORIENTED_EDGE('',*,*,#1005,.T.);
#1473=ORIENTED_EDGE('',*,*,#1081,.T.);
#1474=ORIENTED_EDGE('',*,*,#1082,.F.);
#1475=ORIENTED_EDGE('',*,*,#1081,.F.);
#1476=ORIENTED_EDGE('',*,*,#1023,.T.);
#1477=ORIENTED_EDGE('',*,*,#1082,.T.);
#1478=ORIENTED_EDGE('',*,*,#962,.F.);
#1479=ORIENTED_EDGE('',*,*,#1083,.T.);
#1480=ORIENTED_EDGE('',*,*,#1071,.T.);
#1481=ORIENTED_EDGE('',*,*,#1083,.F.);
#1482=ORIENTED_EDGE('',*,*,#1084,.T.);
#1483=ORIENTED_EDGE('',*,*,#1065,.T.);
#1484=ORIENTED_EDGE('',*,*,#1085,.T.);
#1485=ORIENTED_EDGE('',*,*,#1062,.T.);
#1486=ORIENTED_EDGE('',*,*,#1085,.F.);
#1487=ORIENTED_EDGE('',*,*,#1066,.T.);
#1488=ORIENTED_EDGE('',*,*,#1084,.F.);
#1489=ORIENTED_EDGE('',*,*,#1064,.T.);
#1490=ORIENTED_EDGE('',*,*,#1086,.T.);
#1491=ORIENTED_EDGE('',*,*,#970,.T.);
#1492=ORIENTED_EDGE('',*,*,#1086,.F.);
#1493=ORIENTED_EDGE('',*,*,#1063,.T.);
#1494=ORIENTED_EDGE('',*,*,#1087,.F.);
#1495=ORIENTED_EDGE('',*,*,#1088,.F.);
#1496=ORIENTED_EDGE('',*,*,#1089,.T.);
#1497=ORIENTED_EDGE('',*,*,#1090,.T.);
#1498=ORIENTED_EDGE('',*,*,#1091,.T.);
#1499=ORIENTED_EDGE('',*,*,#1092,.T.);
#1500=ORIENTED_EDGE('',*,*,#1093,.T.);
#1501=ORIENTED_EDGE('',*,*,#1094,.T.);
#1502=ORIENTED_EDGE('',*,*,#1089,.F.);
#1503=ORIENTED_EDGE('',*,*,#1095,.T.);
#1504=ORIENTED_EDGE('',*,*,#1096,.F.);
#1505=ORIENTED_EDGE('',*,*,#1097,.T.);
#1506=ORIENTED_EDGE('',*,*,#1096,.T.);
#1507=ORIENTED_EDGE('',*,*,#1098,.T.);
#1508=ORIENTED_EDGE('',*,*,#1099,.F.);
#1509=ORIENTED_EDGE('',*,*,#1098,.F.);
#1510=ORIENTED_EDGE('',*,*,#1100,.F.);
#1511=ORIENTED_EDGE('',*,*,#1101,.T.);
#1512=ORIENTED_EDGE('',*,*,#1102,.F.);
#1513=ORIENTED_EDGE('',*,*,#1103,.F.);
#1514=ORIENTED_EDGE('',*,*,#1087,.T.);
#1515=ORIENTED_EDGE('',*,*,#1104,.F.);
#1516=ORIENTED_EDGE('',*,*,#1105,.F.);
#1517=ORIENTED_EDGE('',*,*,#1106,.T.);
#1518=ORIENTED_EDGE('',*,*,#1107,.F.);
#1519=ORIENTED_EDGE('',*,*,#1095,.F.);
#1520=ORIENTED_EDGE('',*,*,#1088,.T.);
#1521=ORIENTED_EDGE('',*,*,#1103,.T.);
#1522=ORIENTED_EDGE('',*,*,#1108,.F.);
#1523=ORIENTED_EDGE('',*,*,#1104,.T.);
#1524=ORIENTED_EDGE('',*,*,#1090,.F.);
#1525=ORIENTED_EDGE('',*,*,#1094,.F.);
#1526=ORIENTED_EDGE('',*,*,#1109,.T.);
#1527=ORIENTED_EDGE('',*,*,#1110,.F.);
#1528=ORIENTED_EDGE('',*,*,#1111,.F.);
#1529=ORIENTED_EDGE('',*,*,#1112,.F.);
#1530=ORIENTED_EDGE('',*,*,#1113,.F.);
#1531=ORIENTED_EDGE('',*,*,#1114,.F.);
#1532=ORIENTED_EDGE('',*,*,#1113,.T.);
#1533=ORIENTED_EDGE('',*,*,#1115,.F.);
#1534=ORIENTED_EDGE('',*,*,#1111,.T.);
#1535=ORIENTED_EDGE('',*,*,#1116,.T.);
#1536=ORIENTED_EDGE('',*,*,#1106,.F.);
#1537=ORIENTED_EDGE('',*,*,#1116,.F.);
#1538=ORIENTED_EDGE('',*,*,#1110,.T.);
#1539=ORIENTED_EDGE('',*,*,#1117,.F.);
#1540=ORIENTED_EDGE('',*,*,#1118,.F.);
#1541=ORIENTED_EDGE('',*,*,#1119,.F.);
#1542=ORIENTED_EDGE('',*,*,#1092,.F.);
#1543=ORIENTED_EDGE('',*,*,#1120,.F.);
#1544=ORIENTED_EDGE('',*,*,#1121,.F.);
#1545=ORIENTED_EDGE('',*,*,#1122,.F.);
#1546=ORIENTED_EDGE('',*,*,#1101,.F.);
#1547=ORIENTED_EDGE('',*,*,#1123,.F.);
#1548=ORIENTED_EDGE('',*,*,#1124,.F.);
#1549=ORIENTED_EDGE('',*,*,#1125,.F.);
#1550=ORIENTED_EDGE('',*,*,#1126,.F.);
#1551=ORIENTED_EDGE('',*,*,#1127,.F.);
#1552=ORIENTED_EDGE('',*,*,#1128,.F.);
#1553=ORIENTED_EDGE('',*,*,#1129,.F.);
#1554=ORIENTED_EDGE('',*,*,#1130,.F.);
#1555=ORIENTED_EDGE('',*,*,#1131,.T.);
#1556=ORIENTED_EDGE('',*,*,#1132,.T.);
#1557=ORIENTED_EDGE('',*,*,#1133,.F.);
#1558=ORIENTED_EDGE('',*,*,#1132,.F.);
#1559=ORIENTED_EDGE('',*,*,#1134,.F.);
#1560=ORIENTED_EDGE('',*,*,#1124,.T.);
#1561=ORIENTED_EDGE('',*,*,#1135,.F.);
#1562=ORIENTED_EDGE('',*,*,#1128,.T.);
#1563=ORIENTED_EDGE('',*,*,#1135,.T.);
#1564=ORIENTED_EDGE('',*,*,#1123,.T.);
#1565=ORIENTED_EDGE('',*,*,#1136,.F.);
#1566=ORIENTED_EDGE('',*,*,#1121,.T.);
#1567=ORIENTED_EDGE('',*,*,#1137,.T.);
#1568=ORIENTED_EDGE('',*,*,#1129,.T.);
#1569=ORIENTED_EDGE('',*,*,#1131,.F.);
#1570=ORIENTED_EDGE('',*,*,#1138,.T.);
#1571=ORIENTED_EDGE('',*,*,#1125,.T.);
#1572=ORIENTED_EDGE('',*,*,#1134,.T.);
#1573=ORIENTED_EDGE('',*,*,#1127,.T.);
#1574=ORIENTED_EDGE('',*,*,#1139,.F.);
#1575=ORIENTED_EDGE('',*,*,#1118,.T.);
#1576=ORIENTED_EDGE('',*,*,#1133,.T.);
#1577=ORIENTED_EDGE('',*,*,#1136,.T.);
#1578=ORIENTED_EDGE('',*,*,#1126,.T.);
#1579=ORIENTED_EDGE('',*,*,#1138,.F.);
#1580=ORIENTED_EDGE('',*,*,#1117,.T.);
#1581=ORIENTED_EDGE('',*,*,#1091,.F.);
#1582=ORIENTED_EDGE('',*,*,#1107,.T.);
#1583=ORIENTED_EDGE('',*,*,#1102,.T.);
#1584=ORIENTED_EDGE('',*,*,#1122,.T.);
#1585=ORIENTED_EDGE('',*,*,#1139,.T.);
#1586=ORIENTED_EDGE('',*,*,#1130,.T.);
#1587=ORIENTED_EDGE('',*,*,#1137,.F.);
#1588=ORIENTED_EDGE('',*,*,#1120,.T.);
#1589=ORIENTED_EDGE('',*,*,#1100,.T.);
#1590=ORIENTED_EDGE('',*,*,#1108,.T.);
#1591=ORIENTED_EDGE('',*,*,#1093,.F.);
#1592=ORIENTED_EDGE('',*,*,#1119,.T.);
#1593=ORIENTED_EDGE('',*,*,#1115,.T.);
#1594=ORIENTED_EDGE('',*,*,#1112,.T.);
#1595=ORIENTED_EDGE('',*,*,#1114,.T.);
#1596=ORIENTED_EDGE('',*,*,#1109,.F.);
#1597=ORIENTED_EDGE('',*,*,#1140,.T.);
#1598=ORIENTED_EDGE('',*,*,#1141,.F.);
#1599=ORIENTED_EDGE('',*,*,#1142,.T.);
#1600=ORIENTED_EDGE('',*,*,#1143,.T.);
#1601=ORIENTED_EDGE('',*,*,#1144,.F.);
#1602=ORIENTED_EDGE('',*,*,#1145,.T.);
#1603=ORIENTED_EDGE('',*,*,#1146,.T.);
#1604=ORIENTED_EDGE('',*,*,#1147,.T.);
#1605=ORIENTED_EDGE('',*,*,#1148,.T.);
#1606=ORIENTED_EDGE('',*,*,#1149,.F.);
#1607=ORIENTED_EDGE('',*,*,#1150,.T.);
#1608=ORIENTED_EDGE('',*,*,#1147,.F.);
#1609=ORIENTED_EDGE('',*,*,#1151,.F.);
#1610=ORIENTED_EDGE('',*,*,#1145,.F.);
#1611=ORIENTED_EDGE('',*,*,#1152,.F.);
#1612=ORIENTED_EDGE('',*,*,#1148,.F.);
#1613=ORIENTED_EDGE('',*,*,#1150,.F.);
#1614=ORIENTED_EDGE('',*,*,#1153,.F.);
#1615=ORIENTED_EDGE('',*,*,#1154,.F.);
#1616=ORIENTED_EDGE('',*,*,#1155,.F.);
#1617=ORIENTED_EDGE('',*,*,#1156,.F.);
#1618=ORIENTED_EDGE('',*,*,#1157,.F.);
#1619=ORIENTED_EDGE('',*,*,#1158,.T.);
#1620=ORIENTED_EDGE('',*,*,#1159,.F.);
#1621=ORIENTED_EDGE('',*,*,#1160,.T.);
#1622=ORIENTED_EDGE('',*,*,#1161,.F.);
#1623=ORIENTED_EDGE('',*,*,#1162,.F.);
#1624=ORIENTED_EDGE('',*,*,#1099,.T.);
#1625=ORIENTED_EDGE('',*,*,#1163,.F.);
#1626=ORIENTED_EDGE('',*,*,#1164,.T.);
#1627=ORIENTED_EDGE('',*,*,#1165,.F.);
#1628=ORIENTED_EDGE('',*,*,#1166,.T.);
#1629=ORIENTED_EDGE('',*,*,#1149,.T.);
#1630=ORIENTED_EDGE('',*,*,#1167,.F.);
#1631=ORIENTED_EDGE('',*,*,#1164,.F.);
#1632=ORIENTED_EDGE('',*,*,#1168,.F.);
#1633=ORIENTED_EDGE('',*,*,#1161,.T.);
#1634=ORIENTED_EDGE('',*,*,#1169,.T.);
#1635=ORIENTED_EDGE('',*,*,#1165,.T.);
#1636=ORIENTED_EDGE('',*,*,#1169,.F.);
#1637=ORIENTED_EDGE('',*,*,#1160,.F.);
#1638=ORIENTED_EDGE('',*,*,#1170,.T.);
#1639=ORIENTED_EDGE('',*,*,#1166,.F.);
#1640=ORIENTED_EDGE('',*,*,#1170,.F.);
#1641=ORIENTED_EDGE('',*,*,#1159,.T.);
#1642=ORIENTED_EDGE('',*,*,#1171,.T.);
#1643=ORIENTED_EDGE('',*,*,#1163,.T.);
#1644=ORIENTED_EDGE('',*,*,#1171,.F.);
#1645=ORIENTED_EDGE('',*,*,#1158,.F.);
#1646=ORIENTED_EDGE('',*,*,#1168,.T.);
#1647=ORIENTED_EDGE('',*,*,#1097,.F.);
#1648=ORIENTED_EDGE('',*,*,#1172,.T.);
#1649=ORIENTED_EDGE('',*,*,#1162,.T.);
#1650=ORIENTED_EDGE('',*,*,#1172,.F.);
#1651=ORIENTED_EDGE('',*,*,#1151,.T.);
#1652=ORIENTED_EDGE('',*,*,#1146,.F.);
#1653=ORIENTED_EDGE('',*,*,#1152,.T.);
#1654=ORIENTED_EDGE('',*,*,#1144,.T.);
#1655=ORIENTED_EDGE('',*,*,#1173,.T.);
#1656=ORIENTED_EDGE('',*,*,#1156,.T.);
#1657=ORIENTED_EDGE('',*,*,#1174,.T.);
#1658=ORIENTED_EDGE('',*,*,#1153,.T.);
#1659=ORIENTED_EDGE('',*,*,#1174,.F.);
#1660=ORIENTED_EDGE('',*,*,#1157,.T.);
#1661=ORIENTED_EDGE('',*,*,#1173,.F.);
#1662=ORIENTED_EDGE('',*,*,#1155,.T.);
#1663=ORIENTED_EDGE('',*,*,#1175,.T.);
#1664=ORIENTED_EDGE('',*,*,#1105,.T.);
#1665=ORIENTED_EDGE('',*,*,#1175,.F.);
#1666=ORIENTED_EDGE('',*,*,#1154,.T.);
#1667=ORIENTED_EDGE('',*,*,#1143,.F.);
#1668=ORIENTED_EDGE('',*,*,#1176,.T.);
#1669=ORIENTED_EDGE('',*,*,#1141,.T.);
#1670=ORIENTED_EDGE('',*,*,#1177,.T.);
#1671=ORIENTED_EDGE('',*,*,#1178,.T.);
#1672=ORIENTED_EDGE('',*,*,#1167,.T.);
#1673=ORIENTED_EDGE('',*,*,#1179,.T.);
#1674=ORIENTED_EDGE('',*,*,#1177,.F.);
#1675=ORIENTED_EDGE('',*,*,#1140,.F.);
#1676=ORIENTED_EDGE('',*,*,#1176,.F.);
#1677=ORIENTED_EDGE('',*,*,#1142,.F.);
#1678=ORIENTED_EDGE('',*,*,#1178,.F.);
#1679=ORIENTED_EDGE('',*,*,#1179,.F.);
#1680=ORIENTED_EDGE('',*,*,#1180,.F.);
#1681=ORIENTED_EDGE('',*,*,#1181,.T.);
#1682=ORIENTED_EDGE('',*,*,#1182,.F.);
#1683=ORIENTED_EDGE('',*,*,#1181,.F.);
#1684=ORIENTED_EDGE('',*,*,#1180,.T.);
#1685=ORIENTED_EDGE('',*,*,#1183,.T.);
#1686=ORIENTED_EDGE('',*,*,#1184,.F.);
#1687=ORIENTED_EDGE('',*,*,#1183,.F.);
#1688=ORIENTED_EDGE('',*,*,#1185,.F.);
#1689=ORIENTED_EDGE('',*,*,#1186,.T.);
#1690=ORIENTED_EDGE('',*,*,#1187,.F.);
#1691=ORIENTED_EDGE('',*,*,#1188,.T.);
#1692=ORIENTED_EDGE('',*,*,#1189,.F.);
#1693=ORIENTED_EDGE('',*,*,#1182,.T.);
#1694=ORIENTED_EDGE('',*,*,#1190,.T.);
#1695=ORIENTED_EDGE('',*,*,#1191,.F.);
#1696=ORIENTED_EDGE('',*,*,#1192,.T.);
#1697=ORIENTED_EDGE('',*,*,#1193,.F.);
#1698=ORIENTED_EDGE('',*,*,#1194,.T.);
#1699=ORIENTED_EDGE('',*,*,#1195,.T.);
#1700=ORIENTED_EDGE('',*,*,#1196,.T.);
#1701=ORIENTED_EDGE('',*,*,#1197,.F.);
#1702=ORIENTED_EDGE('',*,*,#1198,.F.);
#1703=ORIENTED_EDGE('',*,*,#1199,.T.);
#1704=ORIENTED_EDGE('',*,*,#1193,.T.);
#1705=ORIENTED_EDGE('',*,*,#1200,.F.);
#1706=ORIENTED_EDGE('',*,*,#1186,.F.);
#1707=ORIENTED_EDGE('',*,*,#1201,.T.);
#1708=ORIENTED_EDGE('',*,*,#1192,.F.);
#1709=ORIENTED_EDGE('',*,*,#1202,.F.);
#1710=ORIENTED_EDGE('',*,*,#1187,.T.);
#1711=ORIENTED_EDGE('',*,*,#1200,.T.);
#1712=ORIENTED_EDGE('',*,*,#1191,.T.);
#1713=ORIENTED_EDGE('',*,*,#1203,.F.);
#1714=ORIENTED_EDGE('',*,*,#1188,.F.);
#1715=ORIENTED_EDGE('',*,*,#1202,.T.);
#1716=ORIENTED_EDGE('',*,*,#1190,.F.);
#1717=ORIENTED_EDGE('',*,*,#1201,.F.);
#1718=ORIENTED_EDGE('',*,*,#1185,.T.);
#1719=ORIENTED_EDGE('',*,*,#1203,.T.);
#1720=ORIENTED_EDGE('',*,*,#1204,.F.);
#1721=ORIENTED_EDGE('',*,*,#1205,.T.);
#1722=ORIENTED_EDGE('',*,*,#1184,.T.);
#1723=ORIENTED_EDGE('',*,*,#1205,.F.);
#1724=ORIENTED_EDGE('',*,*,#1198,.T.);
#1725=ORIENTED_EDGE('',*,*,#1206,.F.);
#1726=ORIENTED_EDGE('',*,*,#1207,.T.);
#1727=ORIENTED_EDGE('',*,*,#1208,.F.);
#1728=ORIENTED_EDGE('',*,*,#1209,.T.);
#1729=ORIENTED_EDGE('',*,*,#1204,.T.);
#1730=ORIENTED_EDGE('',*,*,#1196,.F.);
#1731=ORIENTED_EDGE('',*,*,#1210,.T.);
#1732=ORIENTED_EDGE('',*,*,#1211,.F.);
#1733=ORIENTED_EDGE('',*,*,#1212,.T.);
#1734=ORIENTED_EDGE('',*,*,#1213,.F.);
#1735=ORIENTED_EDGE('',*,*,#1214,.F.);
#1736=ORIENTED_EDGE('',*,*,#1210,.F.);
#1737=ORIENTED_EDGE('',*,*,#1199,.F.);
#1738=ORIENTED_EDGE('',*,*,#1208,.T.);
#1739=ORIENTED_EDGE('',*,*,#1215,.T.);
#1740=ORIENTED_EDGE('',*,*,#1211,.T.);
#1741=ORIENTED_EDGE('',*,*,#1215,.F.);
#1742=ORIENTED_EDGE('',*,*,#1207,.F.);
#1743=ORIENTED_EDGE('',*,*,#1216,.T.);
#1744=ORIENTED_EDGE('',*,*,#1212,.F.);
#1745=ORIENTED_EDGE('',*,*,#1216,.F.);
#1746=ORIENTED_EDGE('',*,*,#1206,.T.);
#1747=ORIENTED_EDGE('',*,*,#1197,.T.);
#1748=ORIENTED_EDGE('',*,*,#1217,.F.);
#1749=ORIENTED_EDGE('',*,*,#1218,.T.);
#1750=ORIENTED_EDGE('',*,*,#1189,.T.);
#1751=ORIENTED_EDGE('',*,*,#1218,.F.);
#1752=ORIENTED_EDGE('',*,*,#1217,.T.);
#1753=ORIENTED_EDGE('',*,*,#1219,.T.);
#1754=ORIENTED_EDGE('',*,*,#1220,.F.);
#1755=ORIENTED_EDGE('',*,*,#1219,.F.);
#1756=ORIENTED_EDGE('',*,*,#1209,.F.);
#1757=ORIENTED_EDGE('',*,*,#1221,.T.);
#1758=ORIENTED_EDGE('',*,*,#1220,.T.);
#1759=ORIENTED_EDGE('',*,*,#1221,.F.);
#1760=ORIENTED_EDGE('',*,*,#1214,.T.);
#1761=ORIENTED_EDGE('',*,*,#1222,.T.);
#1762=ORIENTED_EDGE('',*,*,#1195,.F.);
#1763=ORIENTED_EDGE('',*,*,#1222,.F.);
#1764=ORIENTED_EDGE('',*,*,#1213,.T.);
#1765=ORIENTED_EDGE('',*,*,#1223,.T.);
#1766=ORIENTED_EDGE('',*,*,#1194,.F.);
#1767=ORIENTED_EDGE('',*,*,#1223,.F.);
#1768=CYLINDRICAL_SURFACE('',#1939,6.769525);
#1769=CYLINDRICAL_SURFACE('',#1947,1.155);
#1770=CYLINDRICAL_SURFACE('',#1954,2.525);
#1771=CYLINDRICAL_SURFACE('',#1955,2.525);
#1772=CYLINDRICAL_SURFACE('',#1960,1.155);
#1773=CYLINDRICAL_SURFACE('',#1963,0.56);
#1774=CYLINDRICAL_SURFACE('',#1966,0.56);
#1775=CYLINDRICAL_SURFACE('',#1969,0.56);
#1776=CYLINDRICAL_SURFACE('',#1972,0.56);
#1777=CYLINDRICAL_SURFACE('',#1975,1.7);
#1778=CYLINDRICAL_SURFACE('',#1998,0.252499999999999);
#1779=CYLINDRICAL_SURFACE('',#2000,0.252500000000001);
#1780=CYLINDRICAL_SURFACE('',#2004,0.2525);
#1781=CYLINDRICAL_SURFACE('',#2006,0.2525);
#1782=CYLINDRICAL_SURFACE('',#2010,0.252500000000001);
#1783=CYLINDRICAL_SURFACE('',#2012,0.2525);
#1784=CYLINDRICAL_SURFACE('',#2016,2.2725);
#1785=CYLINDRICAL_SURFACE('',#2021,1.155);
#1786=CYLINDRICAL_SURFACE('',#2037,2.525);
#1787=CYLINDRICAL_SURFACE('',#2039,6.769525);
#1788=CYLINDRICAL_SURFACE('',#2041,2.525);
#1789=CYLINDRICAL_SURFACE('',#2043,6.769525);
#1790=CYLINDRICAL_SURFACE('',#2046,1.155);
#1791=CYLINDRICAL_SURFACE('',#2049,1.155);
#1792=CYLINDRICAL_SURFACE('',#2054,1.155);
#1793=CYLINDRICAL_SURFACE('',#2056,6.769525);
#1794=CYLINDRICAL_SURFACE('',#2064,1.155);
#1795=CYLINDRICAL_SURFACE('',#2071,2.525);
#1796=CYLINDRICAL_SURFACE('',#2072,2.525);
#1797=CYLINDRICAL_SURFACE('',#2077,1.155);
#1798=CYLINDRICAL_SURFACE('',#2080,0.56);
#1799=CYLINDRICAL_SURFACE('',#2083,0.56);
#1800=CYLINDRICAL_SURFACE('',#2086,0.56);
#1801=CYLINDRICAL_SURFACE('',#2089,0.56);
#1802=CYLINDRICAL_SURFACE('',#2092,1.7);
#1803=CYLINDRICAL_SURFACE('',#2110,1.155);
#1804=CYLINDRICAL_SURFACE('',#2130,2.525);
#1805=CYLINDRICAL_SURFACE('',#2131,6.769525);
#1806=CYLINDRICAL_SURFACE('',#2132,2.525);
#1807=CYLINDRICAL_SURFACE('',#2133,6.769525);
#1808=CYLINDRICAL_SURFACE('',#2134,1.155);
#1809=CYLINDRICAL_SURFACE('',#2141,1.155);
#1810=CYLINDRICAL_SURFACE('',#2146,1.155);
#1811=CYLINDRICAL_SURFACE('',#2152,1.65);
#1812=CYLINDRICAL_SURFACE('',#2167,7.85187999999999);
#1813=CYLINDRICAL_SURFACE('',#2170,2.92);
#1814=CYLINDRICAL_SURFACE('',#2171,7.83728000000002);
#1815=CYLINDRICAL_SURFACE('',#2172,2.92);
#1816=CYLINDRICAL_SURFACE('',#2173,7.83728000000002);
#1817=CYLINDRICAL_SURFACE('',#2188,2.92);
#1818=CYLINDRICAL_SURFACE('',#2189,7.85187999999999);
#1819=CYLINDRICAL_SURFACE('',#2190,2.92);
#1820=CYLINDRICAL_SURFACE('',#2194,1.65);
#1821=CYLINDRICAL_SURFACE('',#2198,1.155);
#1822=CYLINDRICAL_SURFACE('',#2199,1.155);
#1823=ADVANCED_FACE('',(#139),#1768,.F.);
#1824=ADVANCED_FACE('',(#140,#60,#61),#87,.T.);
#1825=ADVANCED_FACE('',(#141),#1769,.T.);
#1826=ADVANCED_FACE('',(#142,#62,#63),#88,.F.);
#1827=ADVANCED_FACE('',(#143),#1770,.T.);
#1828=ADVANCED_FACE('',(#144),#1771,.T.);
#1829=ADVANCED_FACE('',(#145),#89,.F.);
#1830=ADVANCED_FACE('',(#146),#1772,.T.);
#1831=ADVANCED_FACE('',(#147),#1773,.T.);
#1832=ADVANCED_FACE('',(#148),#1774,.F.);
#1833=ADVANCED_FACE('',(#149),#1775,.T.);
#1834=ADVANCED_FACE('',(#150),#1776,.T.);
#1835=ADVANCED_FACE('',(#151),#1777,.F.);
#1836=ADVANCED_FACE('',(#152),#90,.F.);
#1837=ADVANCED_FACE('',(#153,#64),#91,.F.);
#1838=ADVANCED_FACE('',(#154,#65),#92,.F.);
#1839=ADVANCED_FACE('',(#155),#93,.F.);
#1840=ADVANCED_FACE('',(#156),#94,.F.);
#1841=ADVANCED_FACE('',(#157),#95,.T.);
#1842=ADVANCED_FACE('',(#158),#96,.T.);
#1843=ADVANCED_FACE('',(#159),#97,.T.);
#1844=ADVANCED_FACE('',(#160),#98,.F.);
#1845=ADVANCED_FACE('',(#161),#1778,.T.);
#1846=ADVANCED_FACE('',(#162),#1779,.T.);
#1847=ADVANCED_FACE('',(#163),#99,.F.);
#1848=ADVANCED_FACE('',(#164),#100,.F.);
#1849=ADVANCED_FACE('',(#165),#1780,.T.);
#1850=ADVANCED_FACE('',(#166),#1781,.T.);
#1851=ADVANCED_FACE('',(#167),#101,.F.);
#1852=ADVANCED_FACE('',(#168),#102,.F.);
#1853=ADVANCED_FACE('',(#169),#1782,.T.);
#1854=ADVANCED_FACE('',(#170),#1783,.T.);
#1855=ADVANCED_FACE('',(#171),#103,.F.);
#1856=ADVANCED_FACE('',(#172),#104,.F.);
#1857=ADVANCED_FACE('',(#173),#1784,.T.);
#1858=ADVANCED_FACE('',(#174),#105,.F.);
#1859=ADVANCED_FACE('',(#175),#106,.F.);
#1860=ADVANCED_FACE('',(#176),#1785,.T.);
#1861=ADVANCED_FACE('',(#177),#107,.F.);
#1862=ADVANCED_FACE('',(#178,#66,#67),#108,.F.);
#1863=ADVANCED_FACE('',(#179),#109,.T.);
#1864=ADVANCED_FACE('',(#180),#1786,.T.);
#1865=ADVANCED_FACE('',(#181),#1787,.F.);
#1866=ADVANCED_FACE('',(#182),#1788,.T.);
#1867=ADVANCED_FACE('',(#183),#1789,.F.);
#1868=ADVANCED_FACE('',(#184,#68),#110,.T.);
#1869=ADVANCED_FACE('',(#185),#1790,.T.);
#1870=ADVANCED_FACE('',(#186),#111,.F.);
#1871=ADVANCED_FACE('',(#187),#1791,.T.);
#1872=ADVANCED_FACE('',(#188),#112,.T.);
#1873=ADVANCED_FACE('',(#189),#113,.T.);
#1874=ADVANCED_FACE('',(#190),#1792,.T.);
#1875=ADVANCED_FACE('',(#191),#1793,.F.);
#1876=ADVANCED_FACE('',(#192,#69,#70),#114,.T.);
#1877=ADVANCED_FACE('',(#193),#1794,.T.);
#1878=ADVANCED_FACE('',(#194,#71,#72),#115,.F.);
#1879=ADVANCED_FACE('',(#195),#1795,.T.);
#1880=ADVANCED_FACE('',(#196),#1796,.T.);
#1881=ADVANCED_FACE('',(#197),#116,.F.);
#1882=ADVANCED_FACE('',(#198),#1797,.T.);
#1883=ADVANCED_FACE('',(#199),#1798,.T.);
#1884=ADVANCED_FACE('',(#200),#1799,.F.);
#1885=ADVANCED_FACE('',(#201),#1800,.T.);
#1886=ADVANCED_FACE('',(#202),#1801,.T.);
#1887=ADVANCED_FACE('',(#203),#1802,.F.);
#1888=ADVANCED_FACE('',(#204),#117,.F.);
#1889=ADVANCED_FACE('',(#205,#73),#118,.F.);
#1890=ADVANCED_FACE('',(#206,#74),#119,.F.);
#1891=ADVANCED_FACE('',(#207),#120,.F.);
#1892=ADVANCED_FACE('',(#208),#121,.F.);
#1893=ADVANCED_FACE('',(#209),#122,.T.);
#1894=ADVANCED_FACE('',(#210),#123,.T.);
#1895=ADVANCED_FACE('',(#211),#124,.T.);
#1896=ADVANCED_FACE('',(#212),#125,.T.);
#1897=ADVANCED_FACE('',(#213),#126,.F.);
#1898=ADVANCED_FACE('',(#214),#1803,.T.);
#1899=ADVANCED_FACE('',(#215),#127,.F.);
#1900=ADVANCED_FACE('',(#216,#75,#76),#128,.F.);
#1901=ADVANCED_FACE('',(#217,#77,#78),#129,.T.);
#1902=ADVANCED_FACE('',(#218),#1804,.T.);
#1903=ADVANCED_FACE('',(#219),#1805,.F.);
#1904=ADVANCED_FACE('',(#220),#1806,.T.);
#1905=ADVANCED_FACE('',(#221),#1807,.F.);
#1906=ADVANCED_FACE('',(#222),#1808,.T.);
#1907=ADVANCED_FACE('',(#223),#130,.T.);
#1908=ADVANCED_FACE('',(#224),#131,.T.);
#1909=ADVANCED_FACE('',(#225),#132,.T.);
#1910=ADVANCED_FACE('',(#226),#133,.T.);
#1911=ADVANCED_FACE('',(#227),#1809,.T.);
#1912=ADVANCED_FACE('',(#228),#134,.F.);
#1913=ADVANCED_FACE('',(#229),#1810,.T.);
#1914=ADVANCED_FACE('',(#230),#31,.T.);
#1915=ADVANCED_FACE('',(#231),#1811,.T.);
#1916=ADVANCED_FACE('',(#232,#79,#80),#135,.T.);
#1917=ADVANCED_FACE('',(#233,#81,#82),#136,.F.);
#1918=ADVANCED_FACE('',(#234),#1812,.F.);
#1919=ADVANCED_FACE('',(#235),#1813,.T.);
#1920=ADVANCED_FACE('',(#236),#1814,.F.);
#1921=ADVANCED_FACE('',(#237),#1815,.T.);
#1922=ADVANCED_FACE('',(#238),#1816,.F.);
#1923=ADVANCED_FACE('',(#239),#32,.T.);
#1924=ADVANCED_FACE('',(#240,#83,#84),#137,.F.);
#1925=ADVANCED_FACE('',(#241,#85,#86),#138,.T.);
#1926=ADVANCED_FACE('',(#242),#1817,.T.);
#1927=ADVANCED_FACE('',(#243),#1818,.F.);
#1928=ADVANCED_FACE('',(#244),#1819,.T.);
#1929=ADVANCED_FACE('',(#245),#33,.T.);
#1930=ADVANCED_FACE('',(#246),#1820,.T.);
#1931=ADVANCED_FACE('',(#247),#34,.T.);
#1932=ADVANCED_FACE('',(#248),#1821,.F.);
#1933=ADVANCED_FACE('',(#249),#1822,.F.);
#1934=CLOSED_SHELL('',(#1823,#1824,#1825,#1826,#1827,#1828,#1829,#1830,
#1831,#1832,#1833,#1834,#1835,#1836,#1837,#1838,#1839,#1840,#1841,#1842,
#1843,#1844,#1845,#1846,#1847,#1848,#1849,#1850,#1851,#1852,#1853,#1854,
#1855,#1856,#1857,#1858,#1859,#1860,#1861,#1862,#1863,#1864,#1865,#1866,
#1867,#1868,#1869,#1870,#1871,#1872,#1873,#1874));
#1935=CLOSED_SHELL('',(#1875,#1876,#1877,#1878,#1879,#1880,#1881,#1882,
#1883,#1884,#1885,#1886,#1887,#1888,#1889,#1890,#1891,#1892,#1893,#1894,
#1895,#1896,#1897,#1898,#1899,#1900,#1901,#1902,#1903,#1904,#1905,#1906,
#1907,#1908,#1909,#1910,#1911,#1912,#1913));
#1936=CLOSED_SHELL('',(#1914,#1915,#1916,#1917,#1918,#1919,#1920,#1921,
#1922,#1923,#1924,#1925,#1926,#1927,#1928,#1929,#1930,#1931,#1932,#1933));
#1937=AXIS2_PLACEMENT_3D('placement',#2862,#2204,#2205);
#1938=AXIS2_PLACEMENT_3D('placement',#2863,#2206,#2207);
#1939=AXIS2_PLACEMENT_3D('',#2864,#2208,#2209);
#1940=AXIS2_PLACEMENT_3D('',#2867,#2210,#2211);
#1941=AXIS2_PLACEMENT_3D('',#2871,#2213,#2214);
#1942=AXIS2_PLACEMENT_3D('',#2873,#2216,#2217);
#1943=AXIS2_PLACEMENT_3D('',#2881,#2221,#2222);
#1944=AXIS2_PLACEMENT_3D('',#2882,#2223,#2224);
#1945=AXIS2_PLACEMENT_3D('',#2884,#2225,#2226);
#1946=AXIS2_PLACEMENT_3D('',#2886,#2227,#2228);
#1947=AXIS2_PLACEMENT_3D('',#2887,#2229,#2230);
#1948=AXIS2_PLACEMENT_3D('',#2890,#2232,#2233);
#1949=AXIS2_PLACEMENT_3D('',#2891,#2234,#2235);
#1950=AXIS2_PLACEMENT_3D('',#2899,#2239,#2240);
#1951=AXIS2_PLACEMENT_3D('',#2900,#2241,#2242);
#1952=AXIS2_PLACEMENT_3D('',#2902,#2243,#2244);
#1953=AXIS2_PLACEMENT_3D('',#2904,#2245,#2246);
#1954=AXIS2_PLACEMENT_3D('',#2905,#2247,#2248);
#1955=AXIS2_PLACEMENT_3D('',#2907,#2250,#2251);
#1956=AXIS2_PLACEMENT_3D('',#2909,#2253,#2254);
#1957=AXIS2_PLACEMENT_3D('',#2914,#2256,#2257);
#1958=AXIS2_PLACEMENT_3D('',#2916,#2258,#2259);
#1959=AXIS2_PLACEMENT_3D('',#2919,#2261,#2262);
#1960=AXIS2_PLACEMENT_3D('',#2920,#2263,#2264);
#1961=AXIS2_PLACEMENT_3D('',#2921,#2265,#2266);
#1962=AXIS2_PLACEMENT_3D('',#2922,#2267,#2268);
#1963=AXIS2_PLACEMENT_3D('',#2924,#2270,#2271);
#1964=AXIS2_PLACEMENT_3D('',#2926,#2272,#2273);
#1965=AXIS2_PLACEMENT_3D('',#2929,#2275,#2276);
#1966=AXIS2_PLACEMENT_3D('',#2930,#2277,#2278);
#1967=AXIS2_PLACEMENT_3D('',#2932,#2279,#2280);
#1968=AXIS2_PLACEMENT_3D('',#2935,#2282,#2283);
#1969=AXIS2_PLACEMENT_3D('',#2936,#2284,#2285);
#1970=AXIS2_PLACEMENT_3D('',#2939,#2286,#2287);
#1971=AXIS2_PLACEMENT_3D('',#2943,#2289,#2290);
#1972=AXIS2_PLACEMENT_3D('',#2945,#2292,#2293);
#1973=AXIS2_PLACEMENT_3D('',#2948,#2294,#2295);
#1974=AXIS2_PLACEMENT_3D('',#2952,#2297,#2298);
#1975=AXIS2_PLACEMENT_3D('',#2954,#2300,#2301);
#1976=AXIS2_PLACEMENT_3D('',#2956,#2302,#2303);
#1977=AXIS2_PLACEMENT_3D('',#2959,#2305,#2306);
#1978=AXIS2_PLACEMENT_3D('',#2960,#2307,#2308);
#1979=AXIS2_PLACEMENT_3D('',#2963,#2311,#2312);
#1980=AXIS2_PLACEMENT_3D('',#2966,#2315,#2316);
#1981=AXIS2_PLACEMENT_3D('',#2969,#2319,#2320);
#1982=AXIS2_PLACEMENT_3D('',#2970,#2321,#2322);
#1983=AXIS2_PLACEMENT_3D('',#2971,#2323,#2324);
#1984=AXIS2_PLACEMENT_3D('',#2972,#2325,#2326);
#1985=AXIS2_PLACEMENT_3D('',#2973,#2327,#2328);
#1986=AXIS2_PLACEMENT_3D('',#2976,#2329,#2330);
#1987=AXIS2_PLACEMENT_3D('',#2978,#2331,#2332);
#1988=AXIS2_PLACEMENT_3D('',#2984,#2335,#2336);
#1989=AXIS2_PLACEMENT_3D('',#2986,#2337,#2338);
#1990=AXIS2_PLACEMENT_3D('',#2988,#2339,#2340);
#1991=AXIS2_PLACEMENT_3D('',#2994,#2343,#2344);
#1992=AXIS2_PLACEMENT_3D('',#3000,#2347,#2348);
#1993=AXIS2_PLACEMENT_3D('',#3002,#2349,#2350);
#1994=AXIS2_PLACEMENT_3D('',#3004,#2351,#2352);
#1995=AXIS2_PLACEMENT_3D('',#3010,#2355,#2356);
#1996=AXIS2_PLACEMENT_3D('',#3011,#2357,#2358);
#1997=AXIS2_PLACEMENT_3D('',#3012,#2359,#2360);
#1998=AXIS2_PLACEMENT_3D('',#3018,#2364,#2365);
#1999=AXIS2_PLACEMENT_3D('',#3021,#2367,#2368);
#2000=AXIS2_PLACEMENT_3D('',#3022,#2369,#2370);
#2001=AXIS2_PLACEMENT_3D('',#3025,#2371,#2372);
#2002=AXIS2_PLACEMENT_3D('',#3028,#2375,#2376);
#2003=AXIS2_PLACEMENT_3D('',#3032,#2379,#2380);
#2004=AXIS2_PLACEMENT_3D('',#3036,#2383,#2384);
#2005=AXIS2_PLACEMENT_3D('',#3039,#2386,#2387);
#2006=AXIS2_PLACEMENT_3D('',#3040,#2388,#2389);
#2007=AXIS2_PLACEMENT_3D('',#3043,#2390,#2391);
#2008=AXIS2_PLACEMENT_3D('',#3046,#2394,#2395);
#2009=AXIS2_PLACEMENT_3D('',#3050,#2398,#2399);
#2010=AXIS2_PLACEMENT_3D('',#3054,#2402,#2403);
#2011=AXIS2_PLACEMENT_3D('',#3057,#2405,#2406);
#2012=AXIS2_PLACEMENT_3D('',#3058,#2407,#2408);
#2013=AXIS2_PLACEMENT_3D('',#3061,#2409,#2410);
#2014=AXIS2_PLACEMENT_3D('',#3064,#2413,#2414);
#2015=AXIS2_PLACEMENT_3D('',#3068,#2417,#2418);
#2016=AXIS2_PLACEMENT_3D('',#3072,#2421,#2422);
#2017=AXIS2_PLACEMENT_3D('',#3074,#2423,#2424);
#2018=AXIS2_PLACEMENT_3D('',#3076,#2426,#2427);
#2019=AXIS2_PLACEMENT_3D('',#3078,#2429,#2430);
#2020=AXIS2_PLACEMENT_3D('',#3080,#2431,#2432);
#2021=AXIS2_PLACEMENT_3D('',#3081,#2433,#2434);
#2022=AXIS2_PLACEMENT_3D('',#3083,#2435,#2436);
#2023=AXIS2_PLACEMENT_3D('',#3085,#2438,#2439);
#2024=AXIS2_PLACEMENT_3D('',#3086,#2440,#2441);
#2025=AXIS2_PLACEMENT_3D('',#3087,#2442,#2443);
#2026=AXIS2_PLACEMENT_3D('',#3092,#2445,#2446);
#2027=AXIS2_PLACEMENT_3D('',#3094,#2447,#2448);
#2028=AXIS2_PLACEMENT_3D('',#3097,#2450,#2451);
#2029=AXIS2_PLACEMENT_3D('',#3098,#2452,#2453);
#2030=AXIS2_PLACEMENT_3D('',#3101,#2454,#2455);
#2031=AXIS2_PLACEMENT_3D('',#3103,#2456,#2457);
#2032=AXIS2_PLACEMENT_3D('',#3105,#2458,#2459);
#2033=AXIS2_PLACEMENT_3D('',#3106,#2460,#2461);
#2034=AXIS2_PLACEMENT_3D('',#3108,#2462,#2463);
#2035=AXIS2_PLACEMENT_3D('',#3109,#2464,#2465);
#2036=AXIS2_PLACEMENT_3D('',#3110,#2466,#2467);
#2037=AXIS2_PLACEMENT_3D('',#3111,#2468,#2469);
#2038=AXIS2_PLACEMENT_3D('',#3114,#2470,#2471);
#2039=AXIS2_PLACEMENT_3D('',#3117,#2474,#2475);
#2040=AXIS2_PLACEMENT_3D('',#3119,#2476,#2477);
#2041=AXIS2_PLACEMENT_3D('',#3121,#2479,#2480);
#2042=AXIS2_PLACEMENT_3D('',#3123,#2481,#2482);
#2043=AXIS2_PLACEMENT_3D('',#3125,#2484,#2485);
#2044=AXIS2_PLACEMENT_3D('',#3126,#2486,#2487);
#2045=AXIS2_PLACEMENT_3D('',#3127,#2488,#2489);
#2046=AXIS2_PLACEMENT_3D('',#3128,#2490,#2491);
#2047=AXIS2_PLACEMENT_3D('',#3131,#2493,#2494);
#2048=AXIS2_PLACEMENT_3D('',#3132,#2495,#2496);
#2049=AXIS2_PLACEMENT_3D('',#3133,#2497,#2498);
#2050=AXIS2_PLACEMENT_3D('',#3135,#2500,#2501);
#2051=AXIS2_PLACEMENT_3D('',#3136,#2502,#2503);
#2052=AXIS2_PLACEMENT_3D('',#3137,#2504,#2505);
#2053=AXIS2_PLACEMENT_3D('',#3138,#2506,#2507);
#2054=AXIS2_PLACEMENT_3D('',#3139,#2508,#2509);
#2055=AXIS2_PLACEMENT_3D('placement',#3141,#2511,#2512);
#2056=AXIS2_PLACEMENT_3D('',#3142,#2513,#2514);
#2057=AXIS2_PLACEMENT_3D('',#3145,#2515,#2516);
#2058=AXIS2_PLACEMENT_3D('',#3149,#2518,#2519);
#2059=AXIS2_PLACEMENT_3D('',#3151,#2521,#2522);
#2060=AXIS2_PLACEMENT_3D('',#3159,#2526,#2527);
#2061=AXIS2_PLACEMENT_3D('',#3160,#2528,#2529);
#2062=AXIS2_PLACEMENT_3D('',#3162,#2530,#2531);
#2063=AXIS2_PLACEMENT_3D('',#3164,#2532,#2533);
#2064=AXIS2_PLACEMENT_3D('',#3165,#2534,#2535);
#2065=AXIS2_PLACEMENT_3D('',#3168,#2537,#2538);
#2066=AXIS2_PLACEMENT_3D('',#3169,#2539,#2540);
#2067=AXIS2_PLACEMENT_3D('',#3177,#2544,#2545);
#2068=AXIS2_PLACEMENT_3D('',#3178,#2546,#2547);
#2069=AXIS2_PLACEMENT_3D('',#3180,#2548,#2549);
#2070=AXIS2_PLACEMENT_3D('',#3182,#2550,#2551);
#2071=AXIS2_PLACEMENT_3D('',#3183,#2552,#2553);
#2072=AXIS2_PLACEMENT_3D('',#3185,#2555,#2556);
#2073=AXIS2_PLACEMENT_3D('',#3187,#2558,#2559);
#2074=AXIS2_PLACEMENT_3D('',#3192,#2561,#2562);
#2075=AXIS2_PLACEMENT_3D('',#3194,#2563,#2564);
#2076=AXIS2_PLACEMENT_3D('',#3197,#2566,#2567);
#2077=AXIS2_PLACEMENT_3D('',#3198,#2568,#2569);
#2078=AXIS2_PLACEMENT_3D('',#3199,#2570,#2571);
#2079=AXIS2_PLACEMENT_3D('',#3200,#2572,#2573);
#2080=AXIS2_PLACEMENT_3D('',#3202,#2575,#2576);
#2081=AXIS2_PLACEMENT_3D('',#3204,#2577,#2578);
#2082=AXIS2_PLACEMENT_3D('',#3207,#2580,#2581);
#2083=AXIS2_PLACEMENT_3D('',#3208,#2582,#2583);
#2084=AXIS2_PLACEMENT_3D('',#3210,#2584,#2585);
#2085=AXIS2_PLACEMENT_3D('',#3213,#2587,#2588);
#2086=AXIS2_PLACEMENT_3D('',#3214,#2589,#2590);
#2087=AXIS2_PLACEMENT_3D('',#3217,#2591,#2592);
#2088=AXIS2_PLACEMENT_3D('',#3221,#2594,#2595);
#2089=AXIS2_PLACEMENT_3D('',#3223,#2597,#2598);
#2090=AXIS2_PLACEMENT_3D('',#3226,#2599,#2600);
#2091=AXIS2_PLACEMENT_3D('',#3230,#2602,#2603);
#2092=AXIS2_PLACEMENT_3D('',#3232,#2605,#2606);
#2093=AXIS2_PLACEMENT_3D('',#3234,#2607,#2608);
#2094=AXIS2_PLACEMENT_3D('',#3237,#2610,#2611);
#2095=AXIS2_PLACEMENT_3D('',#3238,#2612,#2613);
#2096=AXIS2_PLACEMENT_3D('',#3241,#2616,#2617);
#2097=AXIS2_PLACEMENT_3D('',#3244,#2620,#2621);
#2098=AXIS2_PLACEMENT_3D('',#3247,#2624,#2625);
#2099=AXIS2_PLACEMENT_3D('',#3248,#2626,#2627);
#2100=AXIS2_PLACEMENT_3D('',#3249,#2628,#2629);
#2101=AXIS2_PLACEMENT_3D('',#3250,#2630,#2631);
#2102=AXIS2_PLACEMENT_3D('',#3251,#2632,#2633);
#2103=AXIS2_PLACEMENT_3D('',#3254,#2634,#2635);
#2104=AXIS2_PLACEMENT_3D('',#3256,#2637,#2638);
#2105=AXIS2_PLACEMENT_3D('',#3259,#2639,#2640);
#2106=AXIS2_PLACEMENT_3D('',#3261,#2642,#2643);
#2107=AXIS2_PLACEMENT_3D('',#3266,#2645,#2646);
#2108=AXIS2_PLACEMENT_3D('',#3270,#2648,#2649);
#2109=AXIS2_PLACEMENT_3D('',#3271,#2650,#2651);
#2110=AXIS2_PLACEMENT_3D('',#3272,#2652,#2653);
#2111=AXIS2_PLACEMENT_3D('',#3274,#2654,#2655);
#2112=AXIS2_PLACEMENT_3D('',#3276,#2657,#2658);
#2113=AXIS2_PLACEMENT_3D('',#3277,#2659,#2660);
#2114=AXIS2_PLACEMENT_3D('',#3278,#2661,#2662);
#2115=AXIS2_PLACEMENT_3D('',#3283,#2664,#2665);
#2116=AXIS2_PLACEMENT_3D('',#3285,#2666,#2667);
#2117=AXIS2_PLACEMENT_3D('',#3288,#2669,#2670);
#2118=AXIS2_PLACEMENT_3D('',#3289,#2671,#2672);
#2119=AXIS2_PLACEMENT_3D('',#3292,#2673,#2674);
#2120=AXIS2_PLACEMENT_3D('',#3294,#2675,#2676);
#2121=AXIS2_PLACEMENT_3D('',#3296,#2677,#2678);
#2122=AXIS2_PLACEMENT_3D('',#3297,#2679,#2680);
#2123=AXIS2_PLACEMENT_3D('',#3299,#2681,#2682);
#2124=AXIS2_PLACEMENT_3D('',#3300,#2683,#2684);
#2125=AXIS2_PLACEMENT_3D('',#3303,#2685,#2686);
#2126=AXIS2_PLACEMENT_3D('',#3305,#2687,#2688);
#2127=AXIS2_PLACEMENT_3D('',#3307,#2689,#2690);
#2128=AXIS2_PLACEMENT_3D('',#3308,#2691,#2692);
#2129=AXIS2_PLACEMENT_3D('',#3310,#2693,#2694);
#2130=AXIS2_PLACEMENT_3D('',#3311,#2695,#2696);
#2131=AXIS2_PLACEMENT_3D('',#3314,#2699,#2700);
#2132=AXIS2_PLACEMENT_3D('',#3316,#2702,#2703);
#2133=AXIS2_PLACEMENT_3D('',#3318,#2705,#2706);
#2134=AXIS2_PLACEMENT_3D('',#3319,#2707,#2708);
#2135=AXIS2_PLACEMENT_3D('',#3321,#2710,#2711);
#2136=AXIS2_PLACEMENT_3D('',#3322,#2712,#2713);
#2137=AXIS2_PLACEMENT_3D('',#3323,#2714,#2715);
#2138=AXIS2_PLACEMENT_3D('',#3324,#2716,#2717);
#2139=AXIS2_PLACEMENT_3D('',#3325,#2718,#2719);
#2140=AXIS2_PLACEMENT_3D('',#3326,#2720,#2721);
#2141=AXIS2_PLACEMENT_3D('',#3327,#2722,#2723);
#2142=AXIS2_PLACEMENT_3D('',#3329,#2725,#2726);
#2143=AXIS2_PLACEMENT_3D('',#3330,#2727,#2728);
#2144=AXIS2_PLACEMENT_3D('',#3332,#2729,#2730);
#2145=AXIS2_PLACEMENT_3D('',#3333,#2731,#2732);
#2146=AXIS2_PLACEMENT_3D('',#3334,#2733,#2734);
#2147=AXIS2_PLACEMENT_3D('placement',#3336,#2736,#2737);
#2148=AXIS2_PLACEMENT_3D('',#3337,#2738,#2739);
#2149=AXIS2_PLACEMENT_3D('',#3339,#2740,#2741);
#2150=AXIS2_PLACEMENT_3D('',#3341,#2742,#2743);
#2151=AXIS2_PLACEMENT_3D('',#3342,#2744,#2745);
#2152=AXIS2_PLACEMENT_3D('',#3343,#2746,#2747);
#2153=AXIS2_PLACEMENT_3D('',#3346,#2749,#2750);
#2154=AXIS2_PLACEMENT_3D('',#3347,#2751,#2752);
#2155=AXIS2_PLACEMENT_3D('',#3350,#2753,#2754);
#2156=AXIS2_PLACEMENT_3D('',#3352,#2755,#2756);
#2157=AXIS2_PLACEMENT_3D('',#3354,#2757,#2758);
#2158=AXIS2_PLACEMENT_3D('',#3355,#2759,#2760);
#2159=AXIS2_PLACEMENT_3D('',#3357,#2761,#2762);
#2160=AXIS2_PLACEMENT_3D('',#3358,#2763,#2764);
#2161=AXIS2_PLACEMENT_3D('',#3361,#2765,#2766);
#2162=AXIS2_PLACEMENT_3D('',#3363,#2767,#2768);
#2163=AXIS2_PLACEMENT_3D('',#3365,#2769,#2770);
#2164=AXIS2_PLACEMENT_3D('',#3366,#2771,#2772);
#2165=AXIS2_PLACEMENT_3D('',#3368,#2773,#2774);
#2166=AXIS2_PLACEMENT_3D('',#3370,#2775,#2776);
#2167=AXIS2_PLACEMENT_3D('',#3371,#2777,#2778);
#2168=AXIS2_PLACEMENT_3D('',#3374,#2779,#2780);
#2169=AXIS2_PLACEMENT_3D('',#3378,#2782,#2783);
#2170=AXIS2_PLACEMENT_3D('',#3380,#2785,#2786);
#2171=AXIS2_PLACEMENT_3D('',#3383,#2789,#2790);
#2172=AXIS2_PLACEMENT_3D('',#3385,#2792,#2793);
#2173=AXIS2_PLACEMENT_3D('',#3387,#2795,#2796);
#2174=AXIS2_PLACEMENT_3D('',#3388,#2797,#2798);
#2175=AXIS2_PLACEMENT_3D('',#3390,#2799,#2800);
#2176=AXIS2_PLACEMENT_3D('',#3391,#2801,#2802);
#2177=AXIS2_PLACEMENT_3D('',#3392,#2803,#2804);
#2178=AXIS2_PLACEMENT_3D('',#3394,#2805,#2806);
#2179=AXIS2_PLACEMENT_3D('',#3396,#2807,#2808);
#2180=AXIS2_PLACEMENT_3D('',#3397,#2809,#2810);
#2181=AXIS2_PLACEMENT_3D('',#3399,#2811,#2812);
#2182=AXIS2_PLACEMENT_3D('',#3400,#2813,#2814);
#2183=AXIS2_PLACEMENT_3D('',#3402,#2815,#2816);
#2184=AXIS2_PLACEMENT_3D('',#3404,#2817,#2818);
#2185=AXIS2_PLACEMENT_3D('',#3405,#2819,#2820);
#2186=AXIS2_PLACEMENT_3D('',#3407,#2821,#2822);
#2187=AXIS2_PLACEMENT_3D('',#3409,#2823,#2824);
#2188=AXIS2_PLACEMENT_3D('',#3410,#2825,#2826);
#2189=AXIS2_PLACEMENT_3D('',#3412,#2828,#2829);
#2190=AXIS2_PLACEMENT_3D('',#3414,#2831,#2832);
#2191=AXIS2_PLACEMENT_3D('',#3415,#2833,#2834);
#2192=AXIS2_PLACEMENT_3D('',#3417,#2835,#2836);
#2193=AXIS2_PLACEMENT_3D('',#3418,#2837,#2838);
#2194=AXIS2_PLACEMENT_3D('',#3419,#2839,#2840);
#2195=AXIS2_PLACEMENT_3D('',#3422,#2842,#2843);
#2196=AXIS2_PLACEMENT_3D('',#3423,#2844,#2845);
#2197=AXIS2_PLACEMENT_3D('',#3424,#2846,#2847);
#2198=AXIS2_PLACEMENT_3D('',#3425,#2848,#2849);
#2199=AXIS2_PLACEMENT_3D('',#3427,#2851,#2852);
#2200=AXIS2_PLACEMENT_3D('',#3437,#2854,#2855);
#2201=AXIS2_PLACEMENT_3D('',#3438,#2856,#2857);
#2202=AXIS2_PLACEMENT_3D('',#3439,#2858,#2859);
#2203=AXIS2_PLACEMENT_3D('',#3440,#2860,#2861);
#2204=DIRECTION('axis',(0.,0.,1.));
#2205=DIRECTION('refdir',(1.,0.,0.));
#2206=DIRECTION('axis',(0.,0.,1.));
#2207=DIRECTION('refdir',(1.,0.,0.));
#2208=DIRECTION('center_axis',(0.,0.,1.));
#2209=DIRECTION('ref_axis',(-1.,0.,0.));
#2210=DIRECTION('center_axis',(0.,0.,1.));
#2211=DIRECTION('ref_axis',(1.,0.,0.));
#2212=DIRECTION('',(0.,0.,-1.));
#2213=DIRECTION('center_axis',(0.,0.,1.));
#2214=DIRECTION('ref_axis',(1.,0.,0.));
#2215=DIRECTION('',(0.,0.,-1.));
#2216=DIRECTION('center_axis',(0.,0.,1.));
#2217=DIRECTION('ref_axis',(1.,0.,0.));
#2218=DIRECTION('',(0.,1.,0.));
#2219=DIRECTION('',(-1.,0.,0.));
#2220=DIRECTION('',(0.,-1.,0.));
#2221=DIRECTION('center_axis',(0.,0.,1.));
#2222=DIRECTION('ref_axis',(1.,0.,0.));
#2223=DIRECTION('center_axis',(0.,0.,1.));
#2224=DIRECTION('ref_axis',(1.,0.,0.));
#2225=DIRECTION('center_axis',(0.,0.,1.));
#2226=DIRECTION('ref_axis',(1.,0.,0.));
#2227=DIRECTION('center_axis',(0.,0.,1.));
#2228=DIRECTION('ref_axis',(1.,0.,0.));
#2229=DIRECTION('center_axis',(0.,0.,-1.));
#2230=DIRECTION('ref_axis',(1.,0.,0.));
#2231=DIRECTION('',(0.,0.,1.));
#2232=DIRECTION('center_axis',(0.,0.,1.));
#2233=DIRECTION('ref_axis',(1.,0.,0.));
#2234=DIRECTION('center_axis',(0.,0.,1.));
#2235=DIRECTION('ref_axis',(1.,0.,0.));
#2236=DIRECTION('',(0.,-1.,0.));
#2237=DIRECTION('',(1.,0.,0.));
#2238=DIRECTION('',(0.,1.,0.));
#2239=DIRECTION('center_axis',(0.,0.,1.));
#2240=DIRECTION('ref_axis',(1.,0.,0.));
#2241=DIRECTION('center_axis',(0.,0.,1.));
#2242=DIRECTION('ref_axis',(1.,0.,0.));
#2243=DIRECTION('center_axis',(0.,0.,1.));
#2244=DIRECTION('ref_axis',(1.,0.,0.));
#2245=DIRECTION('center_axis',(0.,0.,1.));
#2246=DIRECTION('ref_axis',(1.,0.,0.));
#2247=DIRECTION('center_axis',(0.,0.,1.));
#2248=DIRECTION('ref_axis',(0.99502653462677,-0.0996102172904038,0.));
#2249=DIRECTION('',(0.,0.,-1.));
#2250=DIRECTION('center_axis',(0.,0.,1.));
#2251=DIRECTION('ref_axis',(-1.,0.,0.));
#2252=DIRECTION('',(0.,0.,-1.));
#2253=DIRECTION('center_axis',(0.,0.,1.));
#2254=DIRECTION('ref_axis',(1.,0.,0.));
#2255=DIRECTION('',(-1.,0.,0.));
#2256=DIRECTION('center_axis',(0.,0.,1.));
#2257=DIRECTION('ref_axis',(1.,0.,0.));
#2258=DIRECTION('center_axis',(0.,0.,1.));
#2259=DIRECTION('ref_axis',(1.,0.,0.));
#2260=DIRECTION('',(-1.,0.,0.));
#2261=DIRECTION('center_axis',(0.,0.,1.));
#2262=DIRECTION('ref_axis',(1.,0.,0.));
#2263=DIRECTION('center_axis',(0.,0.,-1.));
#2264=DIRECTION('ref_axis',(1.,0.,0.));
#2265=DIRECTION('center_axis',(0.,-0.5,-0.866025403784439));
#2266=DIRECTION('ref_axis',(0.,-0.866025403784438,0.5));
#2267=DIRECTION('center_axis',(0.,0.5,-0.866025403784439));
#2268=DIRECTION('ref_axis',(0.,0.866025403784438,0.5));
#2269=DIRECTION('',(0.,0.,1.));
#2270=DIRECTION('center_axis',(-1.,0.,0.));
#2271=DIRECTION('ref_axis',(0.,0.,-1.));
#2272=DIRECTION('center_axis',(-1.,0.,0.));
#2273=DIRECTION('ref_axis',(0.,0.,1.));
#2274=DIRECTION('',(-1.,0.,0.));
#2275=DIRECTION('center_axis',(1.,0.,0.));
#2276=DIRECTION('ref_axis',(0.,0.,-1.));
#2277=DIRECTION('center_axis',(1.,0.,0.));
#2278=DIRECTION('ref_axis',(0.,0.,1.));
#2279=DIRECTION('center_axis',(1.,0.,0.));
#2280=DIRECTION('ref_axis',(0.,0.,-1.));
#2281=DIRECTION('',(1.,0.,0.));
#2282=DIRECTION('center_axis',(-1.,0.,0.));
#2283=DIRECTION('ref_axis',(0.,0.,1.));
#2284=DIRECTION('center_axis',(0.,-1.,0.));
#2285=DIRECTION('ref_axis',(0.,0.,1.));
#2286=DIRECTION('center_axis',(0.,1.,0.));
#2287=DIRECTION('ref_axis',(0.,0.,1.));
#2288=DIRECTION('',(0.,1.,0.));
#2289=DIRECTION('center_axis',(0.,-1.,0.));
#2290=DIRECTION('ref_axis',(0.,0.,-1.));
#2291=DIRECTION('',(0.,1.,0.));
#2292=DIRECTION('center_axis',(0.,1.,0.));
#2293=DIRECTION('ref_axis',(0.,0.,-1.));
#2294=DIRECTION('center_axis',(0.,-1.,0.));
#2295=DIRECTION('ref_axis',(0.,0.,-1.));
#2296=DIRECTION('',(0.,-1.,0.));
#2297=DIRECTION('center_axis',(0.,1.,0.));
#2298=DIRECTION('ref_axis',(0.,0.,1.));
#2299=DIRECTION('',(0.,-1.,0.));
#2300=DIRECTION('center_axis',(0.,1.,0.));
#2301=DIRECTION('ref_axis',(0.,0.,-1.));
#2302=DIRECTION('center_axis',(0.,-1.,0.));
#2303=DIRECTION('ref_axis',(0.,0.,-1.));
#2304=DIRECTION('',(0.,1.,0.));
#2305=DIRECTION('center_axis',(0.,-1.,0.));
#2306=DIRECTION('ref_axis',(0.,0.,-1.));
#2307=DIRECTION('center_axis',(0.,0.,1.));
#2308=DIRECTION('ref_axis',(1.,0.,0.));
#2309=DIRECTION('',(-1.,0.,0.));
#2310=DIRECTION('',(1.,0.,0.));
#2311=DIRECTION('center_axis',(0.,1.,0.));
#2312=DIRECTION('ref_axis',(0.,0.,1.));
#2313=DIRECTION('',(0.,0.,-1.));
#2314=DIRECTION('',(0.,0.,-1.));
#2315=DIRECTION('center_axis',(0.,-1.,0.));
#2316=DIRECTION('ref_axis',(0.,0.,-1.));
#2317=DIRECTION('',(0.,0.,-1.));
#2318=DIRECTION('',(0.,0.,-1.));
#2319=DIRECTION('center_axis',(-1.,0.,0.));
#2320=DIRECTION('ref_axis',(0.,0.,1.));
#2321=DIRECTION('center_axis',(1.,0.,0.));
#2322=DIRECTION('ref_axis',(0.,0.,-1.));
#2323=DIRECTION('center_axis',(0.,0.5,-0.866025403784439));
#2324=DIRECTION('ref_axis',(0.,0.866025403784439,0.5));
#2325=DIRECTION('center_axis',(0.,-0.5,-0.866025403784439));
#2326=DIRECTION('ref_axis',(0.,0.866025403784439,-0.5));
#2327=DIRECTION('center_axis',(0.,0.,1.));
#2328=DIRECTION('ref_axis',(1.,0.,0.));
#2329=DIRECTION('center_axis',(0.,0.,1.));
#2330=DIRECTION('ref_axis',(1.,0.,0.));
#2331=DIRECTION('center_axis',(0.,0.,1.));
#2332=DIRECTION('ref_axis',(1.,0.,0.));
#2333=DIRECTION('',(0.766044443118978,0.642787609686539,0.));
#2334=DIRECTION('',(0.982469979244647,-0.18642086761686,0.));
#2335=DIRECTION('center_axis',(0.,0.,1.));
#2336=DIRECTION('ref_axis',(1.,0.,0.));
#2337=DIRECTION('center_axis',(0.,0.,1.));
#2338=DIRECTION('ref_axis',(1.,0.,0.));
#2339=DIRECTION('center_axis',(0.,0.,1.));
#2340=DIRECTION('ref_axis',(1.,0.,0.));
#2341=DIRECTION('',(0.766044443118978,0.642787609686539,0.));
#2342=DIRECTION('',(-0.987688340595138,0.156434465040231,0.));
#2343=DIRECTION('center_axis',(0.,0.,1.));
#2344=DIRECTION('ref_axis',(1.,0.,0.));
#2345=DIRECTION('',(0.987688340595138,0.156434465040231,0.));
#2346=DIRECTION('',(-0.766044443118979,0.642787609686539,0.));
#2347=DIRECTION('center_axis',(0.,0.,1.));
#2348=DIRECTION('ref_axis',(1.,0.,0.));
#2349=DIRECTION('center_axis',(0.,0.,1.));
#2350=DIRECTION('ref_axis',(1.,0.,0.));
#2351=DIRECTION('center_axis',(0.,0.,1.));
#2352=DIRECTION('ref_axis',(1.,0.,0.));
#2353=DIRECTION('',(-0.982469979244647,-0.18642086761686,0.));
#2354=DIRECTION('',(-0.766044443118978,0.642787609686539,0.));
#2355=DIRECTION('center_axis',(0.,0.,1.));
#2356=DIRECTION('ref_axis',(1.,0.,0.));
#2357=DIRECTION('center_axis',(0.,0.,1.));
#2358=DIRECTION('ref_axis',(1.,0.,0.));
#2359=DIRECTION('center_axis',(-0.642787609686539,0.766044443118978,0.));
#2360=DIRECTION('ref_axis',(-0.766044443118978,-0.642787609686539,0.));
#2361=DIRECTION('',(0.766044443118978,0.642787609686539,0.));
#2362=DIRECTION('',(0.,0.,-1.));
#2363=DIRECTION('',(0.,0.,-1.));
#2364=DIRECTION('center_axis',(0.,0.,1.));
#2365=DIRECTION('ref_axis',(-1.,0.,0.));
#2366=DIRECTION('',(0.,0.,-1.));
#2367=DIRECTION('center_axis',(0.,0.,1.));
#2368=DIRECTION('ref_axis',(1.,0.,0.));
#2369=DIRECTION('center_axis',(0.,0.,1.));
#2370=DIRECTION('ref_axis',(-1.,0.,0.));
#2371=DIRECTION('center_axis',(0.,0.,1.));
#2372=DIRECTION('ref_axis',(1.,0.,0.));
#2373=DIRECTION('',(0.,0.,-1.));
#2374=DIRECTION('',(0.,0.,-1.));
#2375=DIRECTION('center_axis',(0.18642086761686,0.982469979244647,0.));
#2376=DIRECTION('ref_axis',(-0.982469979244647,0.18642086761686,0.));
#2377=DIRECTION('',(0.982469979244647,-0.18642086761686,0.));
#2378=DIRECTION('',(0.,0.,-1.));
#2379=DIRECTION('center_axis',(-0.642787609686539,0.766044443118978,0.));
#2380=DIRECTION('ref_axis',(-0.766044443118978,-0.642787609686539,0.));
#2381=DIRECTION('',(0.766044443118978,0.642787609686539,0.));
#2382=DIRECTION('',(0.,0.,-1.));
#2383=DIRECTION('center_axis',(0.,0.,1.));
#2384=DIRECTION('ref_axis',(-1.,0.,0.));
#2385=DIRECTION('',(0.,0.,-1.));
#2386=DIRECTION('center_axis',(0.,0.,1.));
#2387=DIRECTION('ref_axis',(1.,0.,0.));
#2388=DIRECTION('center_axis',(0.,0.,1.));
#2389=DIRECTION('ref_axis',(-1.,0.,0.));
#2390=DIRECTION('center_axis',(0.,0.,1.));
#2391=DIRECTION('ref_axis',(1.,0.,0.));
#2392=DIRECTION('',(0.,0.,-1.));
#2393=DIRECTION('',(0.,0.,-1.));
#2394=DIRECTION('center_axis',(-0.642787609686539,-0.766044443118978,0.));
#2395=DIRECTION('ref_axis',(0.766044443118978,-0.642787609686539,0.));
#2396=DIRECTION('',(-0.766044443118978,0.642787609686539,0.));
#2397=DIRECTION('',(0.,0.,-1.));
#2398=DIRECTION('center_axis',(0.18642086761686,-0.982469979244647,0.));
#2399=DIRECTION('ref_axis',(0.982469979244647,0.18642086761686,0.));
#2400=DIRECTION('',(-0.982469979244647,-0.18642086761686,0.));
#2401=DIRECTION('',(0.,0.,-1.));
#2402=DIRECTION('center_axis',(0.,0.,1.));
#2403=DIRECTION('ref_axis',(-1.,0.,0.));
#2404=DIRECTION('',(0.,0.,-1.));
#2405=DIRECTION('center_axis',(0.,0.,1.));
#2406=DIRECTION('ref_axis',(1.,0.,0.));
#2407=DIRECTION('center_axis',(0.,0.,1.));
#2408=DIRECTION('ref_axis',(-1.,0.,0.));
#2409=DIRECTION('center_axis',(0.,0.,1.));
#2410=DIRECTION('ref_axis',(1.,0.,0.));
#2411=DIRECTION('',(0.,0.,-1.));
#2412=DIRECTION('',(0.,0.,-1.));
#2413=DIRECTION('center_axis',(-0.642787609686539,-0.766044443118979,0.));
#2414=DIRECTION('ref_axis',(0.766044443118979,-0.642787609686539,0.));
#2415=DIRECTION('',(-0.766044443118979,0.642787609686539,0.));
#2416=DIRECTION('',(0.,0.,-1.));
#2417=DIRECTION('center_axis',(-0.156434465040231,0.987688340595138,0.));
#2418=DIRECTION('ref_axis',(-0.987688340595138,-0.156434465040231,0.));
#2419=DIRECTION('',(0.987688340595138,0.156434465040231,0.));
#2420=DIRECTION('',(0.,0.,-1.));
#2421=DIRECTION('center_axis',(0.,0.,1.));
#2422=DIRECTION('ref_axis',(-1.,0.,0.));
#2423=DIRECTION('center_axis',(0.,0.,1.));
#2424=DIRECTION('ref_axis',(1.,0.,0.));
#2425=DIRECTION('',(0.,0.,-1.));
#2426=DIRECTION('center_axis',(-0.156434465040231,-0.987688340595138,0.));
#2427=DIRECTION('ref_axis',(0.987688340595138,-0.156434465040231,0.));
#2428=DIRECTION('',(-0.987688340595138,0.156434465040231,0.));
#2429=DIRECTION('center_axis',(0.,0.,-1.));
#2430=DIRECTION('ref_axis',(-1.,0.,0.));
#2431=DIRECTION('center_axis',(0.,0.,1.));
#2432=DIRECTION('ref_axis',(1.,0.,0.));
#2433=DIRECTION('center_axis',(0.,0.,-1.));
#2434=DIRECTION('ref_axis',(1.,0.,0.));
#2435=DIRECTION('center_axis',(0.,0.,1.));
#2436=DIRECTION('ref_axis',(1.,0.,0.));
#2437=DIRECTION('',(0.,0.,1.));
#2438=DIRECTION('center_axis',(0.,0.,1.));
#2439=DIRECTION('ref_axis',(1.,0.,0.));
#2440=DIRECTION('center_axis',(0.,0.,1.));
#2441=DIRECTION('ref_axis',(1.,0.,0.));
#2442=DIRECTION('center_axis',(0.,0.,1.));
#2443=DIRECTION('ref_axis',(1.,0.,0.));
#2444=DIRECTION('',(1.,0.,0.));
#2445=DIRECTION('center_axis',(0.,0.,1.));
#2446=DIRECTION('ref_axis',(1.,0.,0.));
#2447=DIRECTION('center_axis',(0.,0.,1.));
#2448=DIRECTION('ref_axis',(1.,0.,0.));
#2449=DIRECTION('',(-1.,0.,0.));
#2450=DIRECTION('center_axis',(0.,0.,1.));
#2451=DIRECTION('ref_axis',(1.,0.,0.));
#2452=DIRECTION('center_axis',(0.,0.,1.));
#2453=DIRECTION('ref_axis',(1.,0.,0.));
#2454=DIRECTION('center_axis',(0.,0.,1.));
#2455=DIRECTION('ref_axis',(1.,0.,0.));
#2456=DIRECTION('center_axis',(0.,0.,1.));
#2457=DIRECTION('ref_axis',(1.,0.,0.));
#2458=DIRECTION('center_axis',(0.,0.,1.));
#2459=DIRECTION('ref_axis',(1.,0.,0.));
#2460=DIRECTION('center_axis',(0.,0.,1.));
#2461=DIRECTION('ref_axis',(1.,0.,0.));
#2462=DIRECTION('center_axis',(0.,0.,1.));
#2463=DIRECTION('ref_axis',(1.,0.,0.));
#2464=DIRECTION('center_axis',(0.,0.,1.));
#2465=DIRECTION('ref_axis',(1.,0.,0.));
#2466=DIRECTION('center_axis',(0.,0.,1.));
#2467=DIRECTION('ref_axis',(1.,0.,0.));
#2468=DIRECTION('center_axis',(0.,0.,-1.));
#2469=DIRECTION('ref_axis',(-1.,-1.22464679914735E-16,0.));
#2470=DIRECTION('center_axis',(0.,0.,1.));
#2471=DIRECTION('ref_axis',(1.,0.,0.));
#2472=DIRECTION('',(0.,0.,1.));
#2473=DIRECTION('',(0.,0.,1.));
#2474=DIRECTION('center_axis',(0.,0.,-1.));
#2475=DIRECTION('ref_axis',(1.,0.,0.));
#2476=DIRECTION('center_axis',(0.,0.,1.));
#2477=DIRECTION('ref_axis',(1.,0.,0.));
#2478=DIRECTION('',(0.,0.,1.));
#2479=DIRECTION('center_axis',(0.,0.,-1.));
#2480=DIRECTION('ref_axis',(1.,0.,0.));
#2481=DIRECTION('center_axis',(0.,0.,1.));
#2482=DIRECTION('ref_axis',(1.,0.,0.));
#2483=DIRECTION('',(0.,0.,1.));
#2484=DIRECTION('center_axis',(0.,0.,-1.));
#2485=DIRECTION('ref_axis',(1.,0.,0.));
#2486=DIRECTION('center_axis',(0.,0.,1.));
#2487=DIRECTION('ref_axis',(1.,0.,0.));
#2488=DIRECTION('center_axis',(0.,0.,1.));
#2489=DIRECTION('ref_axis',(1.,0.,0.));
#2490=DIRECTION('center_axis',(0.,0.,-1.));
#2491=DIRECTION('ref_axis',(1.,0.,0.));
#2492=DIRECTION('',(0.,0.,1.));
#2493=DIRECTION('center_axis',(0.,0.,1.));
#2494=DIRECTION('ref_axis',(1.,0.,0.));
#2495=DIRECTION('center_axis',(0.,0.,-1.));
#2496=DIRECTION('ref_axis',(-1.,0.,0.));
#2497=DIRECTION('center_axis',(0.,0.,-1.));
#2498=DIRECTION('ref_axis',(1.,0.,0.));
#2499=DIRECTION('',(0.,0.,1.));
#2500=DIRECTION('center_axis',(0.,0.5,-0.866025403784439));
#2501=DIRECTION('ref_axis',(0.,0.866025403784439,0.5));
#2502=DIRECTION('center_axis',(0.,0.5,-0.866025403784439));
#2503=DIRECTION('ref_axis',(0.,0.866025403784439,0.5));
#2504=DIRECTION('center_axis',(0.,-0.5,-0.866025403784439));
#2505=DIRECTION('ref_axis',(0.,0.866025403784439,-0.5));
#2506=DIRECTION('center_axis',(0.,-0.5,-0.866025403784439));
#2507=DIRECTION('ref_axis',(0.,-0.866025403784439,0.5));
#2508=DIRECTION('center_axis',(0.,0.,-1.));
#2509=DIRECTION('ref_axis',(1.,0.,0.));
#2510=DIRECTION('',(0.,0.,1.));
#2511=DIRECTION('axis',(0.,0.,1.));
#2512=DIRECTION('refdir',(1.,0.,0.));
#2513=DIRECTION('center_axis',(0.,0.,1.));
#2514=DIRECTION('ref_axis',(-1.,0.,0.));
#2515=DIRECTION('center_axis',(0.,0.,1.));
#2516=DIRECTION('ref_axis',(1.,0.,0.));
#2517=DIRECTION('',(0.,0.,-1.));
#2518=DIRECTION('center_axis',(0.,0.,1.));
#2519=DIRECTION('ref_axis',(1.,0.,0.));
#2520=DIRECTION('',(0.,0.,-1.));
#2521=DIRECTION('center_axis',(0.,0.,1.));
#2522=DIRECTION('ref_axis',(1.,0.,0.));
#2523=DIRECTION('',(0.,1.,0.));
#2524=DIRECTION('',(-1.,0.,0.));
#2525=DIRECTION('',(0.,-1.,0.));
#2526=DIRECTION('center_axis',(0.,0.,1.));
#2527=DIRECTION('ref_axis',(1.,0.,0.));
#2528=DIRECTION('center_axis',(0.,0.,1.));
#2529=DIRECTION('ref_axis',(1.,0.,0.));
#2530=DIRECTION('center_axis',(0.,0.,1.));
#2531=DIRECTION('ref_axis',(1.,0.,0.));
#2532=DIRECTION('center_axis',(0.,0.,1.));
#2533=DIRECTION('ref_axis',(1.,0.,0.));
#2534=DIRECTION('center_axis',(0.,0.,-1.));
#2535=DIRECTION('ref_axis',(1.,0.,0.));
#2536=DIRECTION('',(0.,0.,1.));
#2537=DIRECTION('center_axis',(0.,0.,1.));
#2538=DIRECTION('ref_axis',(1.,0.,0.));
#2539=DIRECTION('center_axis',(0.,0.,1.));
#2540=DIRECTION('ref_axis',(1.,0.,0.));
#2541=DIRECTION('',(0.,-1.,0.));
#2542=DIRECTION('',(1.,0.,0.));
#2543=DIRECTION('',(0.,1.,0.));
#2544=DIRECTION('center_axis',(0.,0.,1.));
#2545=DIRECTION('ref_axis',(1.,0.,0.));
#2546=DIRECTION('center_axis',(0.,0.,1.));
#2547=DIRECTION('ref_axis',(1.,0.,0.));
#2548=DIRECTION('center_axis',(0.,0.,1.));
#2549=DIRECTION('ref_axis',(1.,0.,0.));
#2550=DIRECTION('center_axis',(0.,0.,1.));
#2551=DIRECTION('ref_axis',(1.,0.,0.));
#2552=DIRECTION('center_axis',(0.,0.,1.));
#2553=DIRECTION('ref_axis',(0.99502653462677,-0.0996102172904038,0.));
#2554=DIRECTION('',(0.,0.,-1.));
#2555=DIRECTION('center_axis',(0.,0.,1.));
#2556=DIRECTION('ref_axis',(-1.,0.,0.));
#2557=DIRECTION('',(0.,0.,-1.));
#2558=DIRECTION('center_axis',(0.,0.,1.));
#2559=DIRECTION('ref_axis',(1.,0.,0.));
#2560=DIRECTION('',(-1.,0.,0.));
#2561=DIRECTION('center_axis',(0.,0.,1.));
#2562=DIRECTION('ref_axis',(1.,0.,0.));
#2563=DIRECTION('center_axis',(0.,0.,1.));
#2564=DIRECTION('ref_axis',(1.,0.,0.));
#2565=DIRECTION('',(-1.,0.,0.));
#2566=DIRECTION('center_axis',(0.,0.,1.));
#2567=DIRECTION('ref_axis',(1.,0.,0.));
#2568=DIRECTION('center_axis',(0.,0.,-1.));
#2569=DIRECTION('ref_axis',(1.,0.,0.));
#2570=DIRECTION('center_axis',(0.,-0.5,-0.866025403784439));
#2571=DIRECTION('ref_axis',(0.,-0.866025403784438,0.5));
#2572=DIRECTION('center_axis',(0.,0.5,-0.866025403784439));
#2573=DIRECTION('ref_axis',(0.,0.866025403784438,0.5));
#2574=DIRECTION('',(0.,0.,1.));
#2575=DIRECTION('center_axis',(-1.,0.,0.));
#2576=DIRECTION('ref_axis',(0.,0.,-1.));
#2577=DIRECTION('center_axis',(-1.,0.,0.));
#2578=DIRECTION('ref_axis',(0.,0.,1.));
#2579=DIRECTION('',(-1.,0.,0.));
#2580=DIRECTION('center_axis',(1.,0.,0.));
#2581=DIRECTION('ref_axis',(0.,0.,-1.));
#2582=DIRECTION('center_axis',(1.,0.,0.));
#2583=DIRECTION('ref_axis',(0.,0.,1.));
#2584=DIRECTION('center_axis',(1.,0.,0.));
#2585=DIRECTION('ref_axis',(0.,0.,-1.));
#2586=DIRECTION('',(1.,0.,0.));
#2587=DIRECTION('center_axis',(-1.,0.,0.));
#2588=DIRECTION('ref_axis',(0.,0.,1.));
#2589=DIRECTION('center_axis',(0.,-1.,0.));
#2590=DIRECTION('ref_axis',(0.,0.,1.));
#2591=DIRECTION('center_axis',(0.,1.,0.));
#2592=DIRECTION('ref_axis',(0.,0.,1.));
#2593=DIRECTION('',(0.,1.,0.));
#2594=DIRECTION('center_axis',(0.,-1.,0.));
#2595=DIRECTION('ref_axis',(0.,0.,-1.));
#2596=DIRECTION('',(0.,1.,0.));
#2597=DIRECTION('center_axis',(0.,1.,0.));
#2598=DIRECTION('ref_axis',(0.,0.,-1.));
#2599=DIRECTION('center_axis',(0.,-1.,0.));
#2600=DIRECTION('ref_axis',(0.,0.,-1.));
#2601=DIRECTION('',(0.,-1.,0.));
#2602=DIRECTION('center_axis',(0.,1.,0.));
#2603=DIRECTION('ref_axis',(0.,0.,1.));
#2604=DIRECTION('',(0.,-1.,0.));
#2605=DIRECTION('center_axis',(0.,1.,0.));
#2606=DIRECTION('ref_axis',(0.,0.,-1.));
#2607=DIRECTION('center_axis',(0.,-1.,0.));
#2608=DIRECTION('ref_axis',(0.,0.,-1.));
#2609=DIRECTION('',(0.,1.,0.));
#2610=DIRECTION('center_axis',(0.,-1.,0.));
#2611=DIRECTION('ref_axis',(0.,0.,-1.));
#2612=DIRECTION('center_axis',(0.,0.,1.));
#2613=DIRECTION('ref_axis',(1.,0.,0.));
#2614=DIRECTION('',(-1.,0.,0.));
#2615=DIRECTION('',(1.,0.,0.));
#2616=DIRECTION('center_axis',(0.,1.,0.));
#2617=DIRECTION('ref_axis',(0.,0.,1.));
#2618=DIRECTION('',(0.,0.,-1.));
#2619=DIRECTION('',(0.,0.,-1.));
#2620=DIRECTION('center_axis',(0.,-1.,0.));
#2621=DIRECTION('ref_axis',(0.,0.,-1.));
#2622=DIRECTION('',(0.,0.,-1.));
#2623=DIRECTION('',(0.,0.,-1.));
#2624=DIRECTION('center_axis',(-1.,0.,0.));
#2625=DIRECTION('ref_axis',(0.,0.,1.));
#2626=DIRECTION('center_axis',(1.,0.,0.));
#2627=DIRECTION('ref_axis',(0.,0.,-1.));
#2628=DIRECTION('center_axis',(0.,0.5,-0.866025403784439));
#2629=DIRECTION('ref_axis',(0.,0.866025403784439,0.5));
#2630=DIRECTION('center_axis',(0.,-0.5,-0.866025403784439));
#2631=DIRECTION('ref_axis',(0.,0.866025403784439,-0.5));
#2632=DIRECTION('center_axis',(0.,0.500000000000001,0.866025403784438));
#2633=DIRECTION('ref_axis',(0.,-0.866025403784438,0.500000000000001));
#2634=DIRECTION('center_axis',(0.,0.500000000000001,0.866025403784438));
#2635=DIRECTION('ref_axis',(0.,-0.866025403784438,0.500000000000001));
#2636=DIRECTION('',(-1.,0.,0.));
#2637=DIRECTION('center_axis',(0.,-0.500000000000001,0.866025403784438));
#2638=DIRECTION('ref_axis',(0.,-0.866025403784438,-0.500000000000001));
#2639=DIRECTION('center_axis',(0.,-0.500000000000001,0.866025403784438));
#2640=DIRECTION('ref_axis',(0.,0.866025403784438,0.500000000000001));
#2641=DIRECTION('',(-1.,0.,0.));
#2642=DIRECTION('center_axis',(0.,0.,-1.));
#2643=DIRECTION('ref_axis',(-1.,0.,0.));
#2644=DIRECTION('',(-1.,0.,0.));
#2645=DIRECTION('center_axis',(0.,0.,1.));
#2646=DIRECTION('ref_axis',(1.,0.,0.));
#2647=DIRECTION('',(-1.,0.,0.));
#2648=DIRECTION('center_axis',(0.,0.,1.));
#2649=DIRECTION('ref_axis',(1.,0.,0.));
#2650=DIRECTION('center_axis',(0.,0.,1.));
#2651=DIRECTION('ref_axis',(1.,0.,0.));
#2652=DIRECTION('center_axis',(0.,0.,-1.));
#2653=DIRECTION('ref_axis',(1.,0.,0.));
#2654=DIRECTION('center_axis',(0.,0.,1.));
#2655=DIRECTION('ref_axis',(1.,0.,0.));
#2656=DIRECTION('',(0.,0.,1.));
#2657=DIRECTION('center_axis',(0.,0.500000000000001,0.866025403784438));
#2658=DIRECTION('ref_axis',(0.,-0.866025403784438,0.500000000000001));
#2659=DIRECTION('center_axis',(0.,-0.500000000000001,0.866025403784438));
#2660=DIRECTION('ref_axis',(0.,0.866025403784438,0.500000000000001));
#2661=DIRECTION('center_axis',(0.,0.,1.));
#2662=DIRECTION('ref_axis',(1.,0.,0.));
#2663=DIRECTION('',(1.,0.,0.));
#2664=DIRECTION('center_axis',(0.,0.,1.));
#2665=DIRECTION('ref_axis',(1.,0.,0.));
#2666=DIRECTION('center_axis',(0.,0.,1.));
#2667=DIRECTION('ref_axis',(1.,0.,0.));
#2668=DIRECTION('',(-1.,0.,0.));
#2669=DIRECTION('center_axis',(0.,0.,1.));
#2670=DIRECTION('ref_axis',(1.,0.,0.));
#2671=DIRECTION('center_axis',(0.,0.,1.));
#2672=DIRECTION('ref_axis',(1.,0.,0.));
#2673=DIRECTION('center_axis',(0.,0.,1.));
#2674=DIRECTION('ref_axis',(1.,0.,0.));
#2675=DIRECTION('center_axis',(0.,0.,1.));
#2676=DIRECTION('ref_axis',(1.,0.,0.));
#2677=DIRECTION('center_axis',(0.,0.,1.));
#2678=DIRECTION('ref_axis',(1.,0.,0.));
#2679=DIRECTION('center_axis',(0.,0.,1.));
#2680=DIRECTION('ref_axis',(1.,0.,0.));
#2681=DIRECTION('center_axis',(0.,0.,1.));
#2682=DIRECTION('ref_axis',(1.,0.,0.));
#2683=DIRECTION('center_axis',(0.,0.,1.));
#2684=DIRECTION('ref_axis',(1.,0.,0.));
#2685=DIRECTION('center_axis',(0.,0.,1.));
#2686=DIRECTION('ref_axis',(1.,0.,0.));
#2687=DIRECTION('center_axis',(0.,0.,1.));
#2688=DIRECTION('ref_axis',(1.,0.,0.));
#2689=DIRECTION('center_axis',(0.,0.,1.));
#2690=DIRECTION('ref_axis',(1.,0.,0.));
#2691=DIRECTION('center_axis',(0.,0.,1.));
#2692=DIRECTION('ref_axis',(1.,0.,0.));
#2693=DIRECTION('center_axis',(0.,0.,1.));
#2694=DIRECTION('ref_axis',(1.,0.,0.));
#2695=DIRECTION('center_axis',(0.,0.,-1.));
#2696=DIRECTION('ref_axis',(-1.,-1.22464679914735E-16,0.));
#2697=DIRECTION('',(0.,0.,1.));
#2698=DIRECTION('',(0.,0.,1.));
#2699=DIRECTION('center_axis',(0.,0.,-1.));
#2700=DIRECTION('ref_axis',(1.,0.,0.));
#2701=DIRECTION('',(0.,0.,1.));
#2702=DIRECTION('center_axis',(0.,0.,-1.));
#2703=DIRECTION('ref_axis',(1.,0.,0.));
#2704=DIRECTION('',(0.,0.,1.));
#2705=DIRECTION('center_axis',(0.,0.,-1.));
#2706=DIRECTION('ref_axis',(1.,0.,0.));
#2707=DIRECTION('center_axis',(0.,0.,-1.));
#2708=DIRECTION('ref_axis',(1.,0.,0.));
#2709=DIRECTION('',(0.,0.,1.));
#2710=DIRECTION('center_axis',(0.,0.500000000000001,0.866025403784438));
#2711=DIRECTION('ref_axis',(0.,-0.866025403784438,0.500000000000001));
#2712=DIRECTION('center_axis',(0.,-0.500000000000001,0.866025403784438));
#2713=DIRECTION('ref_axis',(0.,-0.866025403784438,-0.500000000000001));
#2714=DIRECTION('center_axis',(0.,0.5,-0.866025403784439));
#2715=DIRECTION('ref_axis',(0.,0.866025403784439,0.5));
#2716=DIRECTION('center_axis',(0.,0.5,-0.866025403784439));
#2717=DIRECTION('ref_axis',(0.,0.866025403784439,0.5));
#2718=DIRECTION('center_axis',(0.,-0.5,-0.866025403784439));
#2719=DIRECTION('ref_axis',(0.,0.866025403784439,-0.5));
#2720=DIRECTION('center_axis',(0.,-0.5,-0.866025403784439));
#2721=DIRECTION('ref_axis',(0.,-0.866025403784439,0.5));
#2722=DIRECTION('center_axis',(0.,0.,-1.));
#2723=DIRECTION('ref_axis',(1.,0.,0.));
#2724=DIRECTION('',(0.,0.,1.));
#2725=DIRECTION('center_axis',(0.,0.,-1.));
#2726=DIRECTION('ref_axis',(-1.,0.,0.));
#2727=DIRECTION('center_axis',(0.,0.,1.));
#2728=DIRECTION('ref_axis',(1.,0.,0.));
#2729=DIRECTION('center_axis',(0.,0.,1.));
#2730=DIRECTION('ref_axis',(1.,0.,0.));
#2731=DIRECTION('center_axis',(0.,0.,1.));
#2732=DIRECTION('ref_axis',(1.,0.,0.));
#2733=DIRECTION('center_axis',(0.,0.,-1.));
#2734=DIRECTION('ref_axis',(1.,0.,0.));
#2735=DIRECTION('',(0.,0.,1.));
#2736=DIRECTION('axis',(0.,0.,1.));
#2737=DIRECTION('refdir',(1.,0.,0.));
#2738=DIRECTION('center_axis',(0.,0.,1.));
#2739=DIRECTION('ref_axis',(1.,0.,0.));
#2740=DIRECTION('center_axis',(0.,0.,1.));
#2741=DIRECTION('ref_axis',(1.,0.,0.));
#2742=DIRECTION('center_axis',(1.22464679914735E-16,-1.,0.));
#2743=DIRECTION('ref_axis',(-1.,-1.22464679914735E-16,0.));
#2744=DIRECTION('center_axis',(0.,0.,1.));
#2745=DIRECTION('ref_axis',(1.,0.,0.));
#2746=DIRECTION('center_axis',(0.,0.,-1.));
#2747=DIRECTION('ref_axis',(1.,0.,0.));
#2748=DIRECTION('',(0.,0.,1.));
#2749=DIRECTION('center_axis',(0.,0.,1.));
#2750=DIRECTION('ref_axis',(1.,0.,0.));
#2751=DIRECTION('center_axis',(0.,0.,1.));
#2752=DIRECTION('ref_axis',(1.,0.,0.));
#2753=DIRECTION('center_axis',(0.,0.,1.));
#2754=DIRECTION('ref_axis',(1.,0.,0.));
#2755=DIRECTION('center_axis',(0.,0.,1.));
#2756=DIRECTION('ref_axis',(1.,0.,0.));
#2757=DIRECTION('center_axis',(0.,0.,1.));
#2758=DIRECTION('ref_axis',(1.,0.,0.));
#2759=DIRECTION('center_axis',(0.,0.,1.));
#2760=DIRECTION('ref_axis',(1.,0.,0.));
#2761=DIRECTION('center_axis',(0.,0.,1.));
#2762=DIRECTION('ref_axis',(1.,0.,0.));
#2763=DIRECTION('center_axis',(0.,0.,1.));
#2764=DIRECTION('ref_axis',(1.,0.,0.));
#2765=DIRECTION('center_axis',(0.,0.,1.));
#2766=DIRECTION('ref_axis',(1.,0.,0.));
#2767=DIRECTION('center_axis',(0.,0.,1.));
#2768=DIRECTION('ref_axis',(1.,0.,0.));
#2769=DIRECTION('center_axis',(0.,0.,1.));
#2770=DIRECTION('ref_axis',(1.,0.,0.));
#2771=DIRECTION('center_axis',(0.,0.,1.));
#2772=DIRECTION('ref_axis',(1.,0.,0.));
#2773=DIRECTION('center_axis',(0.,0.,1.));
#2774=DIRECTION('ref_axis',(1.,0.,0.));
#2775=DIRECTION('center_axis',(0.,0.,1.));
#2776=DIRECTION('ref_axis',(1.,0.,0.));
#2777=DIRECTION('center_axis',(0.,0.,-1.));
#2778=DIRECTION('ref_axis',(1.,0.,0.));
#2779=DIRECTION('center_axis',(0.,0.,1.));
#2780=DIRECTION('ref_axis',(1.,0.,0.));
#2781=DIRECTION('',(0.,0.,1.));
#2782=DIRECTION('center_axis',(0.,0.,1.));
#2783=DIRECTION('ref_axis',(1.,0.,0.));
#2784=DIRECTION('',(0.,0.,1.));
#2785=DIRECTION('center_axis',(0.,0.,1.));
#2786=DIRECTION('ref_axis',(-1.,0.,0.));
#2787=DIRECTION('',(0.,0.,-1.));
#2788=DIRECTION('',(0.,0.,-1.));
#2789=DIRECTION('center_axis',(0.,0.,1.));
#2790=DIRECTION('ref_axis',(-1.,0.,0.));
#2791=DIRECTION('',(0.,0.,-1.));
#2792=DIRECTION('center_axis',(0.,0.,1.));
#2793=DIRECTION('ref_axis',(1.,3.21624529935327E-16,0.));
#2794=DIRECTION('',(0.,0.,-1.));
#2795=DIRECTION('center_axis',(0.,0.,1.));
#2796=DIRECTION('ref_axis',(-1.,0.,0.));
#2797=DIRECTION('center_axis',(0.,0.,1.));
#2798=DIRECTION('ref_axis',(1.,0.,0.));
#2799=DIRECTION('center_axis',(0.,0.,1.));
#2800=DIRECTION('ref_axis',(1.,0.,0.));
#2801=DIRECTION('center_axis',(1.22464679914735E-16,-1.,0.));
#2802=DIRECTION('ref_axis',(-1.,-1.22464679914735E-16,0.));
#2803=DIRECTION('center_axis',(0.,0.,1.));
#2804=DIRECTION('ref_axis',(1.,0.,0.));
#2805=DIRECTION('center_axis',(0.,0.,1.));
#2806=DIRECTION('ref_axis',(1.,0.,0.));
#2807=DIRECTION('center_axis',(0.,0.,1.));
#2808=DIRECTION('ref_axis',(1.,0.,0.));
#2809=DIRECTION('center_axis',(0.,0.,1.));
#2810=DIRECTION('ref_axis',(1.,0.,0.));
#2811=DIRECTION('center_axis',(0.,0.,1.));
#2812=DIRECTION('ref_axis',(1.,0.,0.));
#2813=DIRECTION('center_axis',(0.,0.,1.));
#2814=DIRECTION('ref_axis',(1.,0.,0.));
#2815=DIRECTION('center_axis',(0.,0.,1.));
#2816=DIRECTION('ref_axis',(1.,0.,0.));
#2817=DIRECTION('center_axis',(0.,0.,1.));
#2818=DIRECTION('ref_axis',(1.,0.,0.));
#2819=DIRECTION('center_axis',(0.,0.,1.));
#2820=DIRECTION('ref_axis',(1.,0.,0.));
#2821=DIRECTION('center_axis',(0.,0.,1.));
#2822=DIRECTION('ref_axis',(1.,0.,0.));
#2823=DIRECTION('center_axis',(0.,0.,1.));
#2824=DIRECTION('ref_axis',(1.,0.,0.));
#2825=DIRECTION('center_axis',(0.,0.,-1.));
#2826=DIRECTION('ref_axis',(-1.,-7.21692629025037E-9,0.));
#2827=DIRECTION('',(0.,0.,1.));
#2828=DIRECTION('center_axis',(0.,0.,-1.));
#2829=DIRECTION('ref_axis',(1.,0.,0.));
#2830=DIRECTION('',(0.,0.,1.));
#2831=DIRECTION('center_axis',(0.,0.,-1.));
#2832=DIRECTION('ref_axis',(1.,0.,0.));
#2833=DIRECTION('center_axis',(0.,0.,1.));
#2834=DIRECTION('ref_axis',(1.,0.,0.));
#2835=DIRECTION('center_axis',(0.,0.,1.));
#2836=DIRECTION('ref_axis',(1.,0.,0.));
#2837=DIRECTION('center_axis',(1.22464679914735E-16,-1.,0.));
#2838=DIRECTION('ref_axis',(-1.,-1.22464679914735E-16,0.));
#2839=DIRECTION('center_axis',(0.,0.,-1.));
#2840=DIRECTION('ref_axis',(1.,0.,0.));
#2841=DIRECTION('',(0.,0.,1.));
#2842=DIRECTION('center_axis',(0.,0.,1.));
#2843=DIRECTION('ref_axis',(1.,0.,0.));
#2844=DIRECTION('center_axis',(0.,0.,1.));
#2845=DIRECTION('ref_axis',(1.,0.,0.));
#2846=DIRECTION('center_axis',(1.22464679914735E-16,-1.,0.));
#2847=DIRECTION('ref_axis',(-1.,-1.22464679914735E-16,0.));
#2848=DIRECTION('center_axis',(0.,0.,-1.));
#2849=DIRECTION('ref_axis',(1.,0.,0.));
#2850=DIRECTION('',(0.,0.,-1.));
#2851=DIRECTION('center_axis',(0.,0.,-1.));
#2852=DIRECTION('ref_axis',(1.,0.,0.));
#2853=DIRECTION('',(0.,0.,-1.));
#2854=DIRECTION('',(0.,0.,1.));
#2855=DIRECTION('',(1.,0.,0.));
#2856=DIRECTION('',(0.,0.,1.));
#2857=DIRECTION('',(1.,0.,0.));
#2858=DIRECTION('',(0.,0.,1.));
#2859=DIRECTION('',(1.,0.,0.));
#2860=DIRECTION('',(0.,0.,1.));
#2861=DIRECTION('',(1.,0.,0.));
#2862=CARTESIAN_POINT('',(0.,0.,0.));
#2863=CARTESIAN_POINT('',(0.,0.,0.));
#2864=CARTESIAN_POINT('Origin',(3.175,-8.73542042351854,-2.34));
#2865=CARTESIAN_POINT('',(5.48746264602011,-2.37311068283579,-3.09));
#2866=CARTESIAN_POINT('',(0.862537353979897,-2.37311068283579,-3.09));
#2867=CARTESIAN_POINT('Origin',(3.175,-8.73542042351854,-3.09));
#2868=CARTESIAN_POINT('',(5.48746264602011,-2.37311068283579,-2.34));
#2869=CARTESIAN_POINT('',(5.48746264602011,-2.37311068283579,-2.34));
#2870=CARTESIAN_POINT('',(0.862537353979897,-2.37311068283579,-2.34));
#2871=CARTESIAN_POINT('Origin',(3.175,-8.73542042351854,-2.34));
#2872=CARTESIAN_POINT('',(0.862537353979897,-2.37311068283579,-2.34));
#2873=CARTESIAN_POINT('Origin',(4.7625,4.36771021175927,-2.34));
#2874=CARTESIAN_POINT('',(5.975,2.49699819783675,-2.34));
#2875=CARTESIAN_POINT('',(5.975,4.19,-2.34));
#2876=CARTESIAN_POINT('',(5.975,0.,-2.34));
#2877=CARTESIAN_POINT('',(0.375,4.19,-2.34));
#2878=CARTESIAN_POINT('',(0.375,4.19,-2.34));
#2879=CARTESIAN_POINT('',(0.375,2.49699819783675,-2.34));
#2880=CARTESIAN_POINT('',(0.375,4.75,-2.34));
#2881=CARTESIAN_POINT('Origin',(8.67361737988404E-16,2.16840434497101E-16,
-2.34));
#2882=CARTESIAN_POINT('Origin',(6.35,-2.16840434497101E-16,-2.34));
#2883=CARTESIAN_POINT('',(-1.155,1.41446705301519E-16,-2.34));
#2884=CARTESIAN_POINT('Origin',(0.,0.,-2.34));
#2885=CARTESIAN_POINT('',(5.195,1.41446705301519E-16,-2.34));
#2886=CARTESIAN_POINT('Origin',(6.35,0.,-2.34));
#2887=CARTESIAN_POINT('Origin',(0.,0.,4.8));
#2888=CARTESIAN_POINT('',(-1.155,1.41446705301519E-16,2.34));
#2889=CARTESIAN_POINT('',(-1.155,1.41446705301519E-16,4.8));
#2890=CARTESIAN_POINT('Origin',(0.,0.,2.34));
#2891=CARTESIAN_POINT('Origin',(4.7625,4.36771021175927,-3.09));
#2892=CARTESIAN_POINT('',(0.375,3.44,-3.09));
#2893=CARTESIAN_POINT('',(0.375,2.49699819783675,-3.09));
#2894=CARTESIAN_POINT('',(0.375,4.75,-3.09));
#2895=CARTESIAN_POINT('',(5.975,3.44,-3.09));
#2896=CARTESIAN_POINT('',(5.975,3.44,-3.09));
#2897=CARTESIAN_POINT('',(5.975,2.49699819783675,-3.09));
#2898=CARTESIAN_POINT('',(5.975,0.,-3.09));
#2899=CARTESIAN_POINT('Origin',(6.35,-2.16840434497101E-16,-3.09));
#2900=CARTESIAN_POINT('Origin',(8.67361737988404E-16,2.16840434497101E-16,
-3.09));
#2901=CARTESIAN_POINT('',(5.195,1.41446705301519E-16,-3.09));
#2902=CARTESIAN_POINT('Origin',(6.35,0.,-3.09));
#2903=CARTESIAN_POINT('',(-1.155,1.41446705301519E-16,-3.09));
#2904=CARTESIAN_POINT('Origin',(0.,0.,-3.09));
#2905=CARTESIAN_POINT('Origin',(6.35,-2.16840434497101E-16,-2.34));
#2906=CARTESIAN_POINT('',(5.975,2.49699819783675,-2.34));
#2907=CARTESIAN_POINT('Origin',(8.67361737988404E-16,2.16840434497101E-16,
-2.34));
#2908=CARTESIAN_POINT('',(0.375,2.49699819783675,-2.34));
#2909=CARTESIAN_POINT('Origin',(0.,0.,-3.8));
#2910=CARTESIAN_POINT('',(0.763960691069901,-0.86625,-3.8));
#2911=CARTESIAN_POINT('',(-0.763960691069901,-0.86625,-3.8));
#2912=CARTESIAN_POINT('',(9.525,-0.86625,-3.8));
#2913=CARTESIAN_POINT('',(-1.155,1.41446705301519E-16,-3.8));
#2914=CARTESIAN_POINT('Origin',(0.,0.,-3.8));
#2915=CARTESIAN_POINT('',(-0.763960691069901,0.86625,-3.8));
#2916=CARTESIAN_POINT('Origin',(0.,0.,-3.8));
#2917=CARTESIAN_POINT('',(0.763960691069901,0.86625,-3.8));
#2918=CARTESIAN_POINT('',(9.525,0.86625,-3.8));
#2919=CARTESIAN_POINT('Origin',(0.,0.,-3.8));
#2920=CARTESIAN_POINT('Origin',(0.,0.,4.8));
#2921=CARTESIAN_POINT('Origin',(0.,0.,-4.30012967068551));
#2922=CARTESIAN_POINT('Origin',(0.,0.,-4.30012967068551));
#2923=CARTESIAN_POINT('',(-1.155,1.41446705301519E-16,4.8));
#2924=CARTESIAN_POINT('Origin',(4.7625,4.19,-2.9));
#2925=CARTESIAN_POINT('',(5.975,4.75,-2.9));
#2926=CARTESIAN_POINT('Origin',(5.975,4.19,-2.9));
#2927=CARTESIAN_POINT('',(0.375,4.75,-2.9));
#2928=CARTESIAN_POINT('',(5.975,4.75,-2.9));
#2929=CARTESIAN_POINT('Origin',(0.375,4.19,-2.9));
#2930=CARTESIAN_POINT('Origin',(4.7625,3.44,-3.65));
#2931=CARTESIAN_POINT('',(0.375,4.,-3.65));
#2932=CARTESIAN_POINT('Origin',(0.375,3.44,-3.65));
#2933=CARTESIAN_POINT('',(5.975,4.,-3.65));
#2934=CARTESIAN_POINT('',(0.375,4.,-3.65));
#2935=CARTESIAN_POINT('Origin',(5.975,3.44,-3.65));
#2936=CARTESIAN_POINT('Origin',(5.415,0.,-10.14));
#2937=CARTESIAN_POINT('',(5.415,4.,-10.7));
#2938=CARTESIAN_POINT('',(5.975,4.,-10.14));
#2939=CARTESIAN_POINT('Origin',(5.415,4.,-10.14));
#2940=CARTESIAN_POINT('',(5.415,4.75,-10.7));
#2941=CARTESIAN_POINT('',(5.415,0.,-10.7));
#2942=CARTESIAN_POINT('',(5.975,4.75,-10.14));
#2943=CARTESIAN_POINT('Origin',(5.415,4.75,-10.14));
#2944=CARTESIAN_POINT('',(5.975,0.,-10.14));
#2945=CARTESIAN_POINT('Origin',(0.935,4.75,-10.14));
#2946=CARTESIAN_POINT('',(0.935,4.75,-10.7));
#2947=CARTESIAN_POINT('',(0.375,4.75,-10.14));
#2948=CARTESIAN_POINT('Origin',(0.935,4.75,-10.14));
#2949=CARTESIAN_POINT('',(0.935,4.,-10.7));
#2950=CARTESIAN_POINT('',(0.935,0.,-10.7));
#2951=CARTESIAN_POINT('',(0.375,4.,-10.14));
#2952=CARTESIAN_POINT('Origin',(0.935,4.,-10.14));
#2953=CARTESIAN_POINT('',(0.375,4.75,-10.14));
#2954=CARTESIAN_POINT('Origin',(3.175,4.,-7.15));
#2955=CARTESIAN_POINT('',(3.175,4.,-5.45));
#2956=CARTESIAN_POINT('Origin',(3.175,4.,-7.15));
#2957=CARTESIAN_POINT('',(3.175,4.75,-5.45));
#2958=CARTESIAN_POINT('',(3.175,4.,-5.45));
#2959=CARTESIAN_POINT('Origin',(3.175,4.75,-7.15));
#2960=CARTESIAN_POINT('Origin',(0.,0.,-10.7));
#2961=CARTESIAN_POINT('',(5.975,4.75,-10.7));
#2962=CARTESIAN_POINT('',(0.375,4.,-10.7));
#2963=CARTESIAN_POINT('Origin',(0.375,4.,-3.09));
#2964=CARTESIAN_POINT('',(5.975,4.,-3.09));
#2965=CARTESIAN_POINT('',(0.375,4.,-3.09));
#2966=CARTESIAN_POINT('Origin',(5.975,4.75,-2.34));
#2967=CARTESIAN_POINT('',(5.975,4.75,-2.34));
#2968=CARTESIAN_POINT('',(0.375,4.75,-2.34));
#2969=CARTESIAN_POINT('Origin',(5.975,0.,-2.34));
#2970=CARTESIAN_POINT('Origin',(0.375,4.75,-2.34));
#2971=CARTESIAN_POINT('Origin',(9.525,1.44375,-3.46658021954299));
#2972=CARTESIAN_POINT('Origin',(9.525,-0.86625,-3.8));
#2973=CARTESIAN_POINT('Origin',(-7.58941520739853E-16,0.,3.465));
#2974=CARTESIAN_POINT('',(1.04661805714612,0.488483001194193,3.465));
#2975=CARTESIAN_POINT('',(-1.155,1.41446705301519E-16,3.465));
#2976=CARTESIAN_POINT('Origin',(0.,0.,3.465));
#2977=CARTESIAN_POINT('',(1.19275008537944,0.547038368886345,3.465));
#2978=CARTESIAN_POINT('Origin',(1.03044621393359,0.740464590773887,3.465));
#2979=CARTESIAN_POINT('',(1.9437990103288,1.17724324480745,3.465));
#2980=CARTESIAN_POINT('',(1.19275008537944,0.547038368886345,3.465));
#2981=CARTESIAN_POINT('',(5.30760540697325,0.538970605230491,3.465));
#2982=CARTESIAN_POINT('',(1.9437990103288,1.17724324480745,3.465));
#2983=CARTESIAN_POINT('',(5.32694013213569,0.536072296211489,3.465));
#2984=CARTESIAN_POINT('Origin',(5.3546766760465,0.787044274989765,3.465));
#2985=CARTESIAN_POINT('',(7.39661805714612,0.488483001194193,3.465));
#2986=CARTESIAN_POINT('Origin',(6.35,0.,3.465));
#2987=CARTESIAN_POINT('',(7.54275008537944,0.547038368886345,3.465));
#2988=CARTESIAN_POINT('Origin',(7.38044621393359,0.740464590773886,3.465));
#2989=CARTESIAN_POINT('',(8.10329475437288,1.01739119389714,3.465));
#2990=CARTESIAN_POINT('',(7.54275008537944,0.547038368886345,3.465));
#2991=CARTESIAN_POINT('',(0.355497321803925,2.24452175400245,3.465));
#2992=CARTESIAN_POINT('',(8.10329475437288,1.01739119389714,3.465));
#2993=CARTESIAN_POINT('',(0.355497321803924,-2.24452175400245,3.465));
#2994=CARTESIAN_POINT('Origin',(-7.58941520739853E-16,0.,3.465));
#2995=CARTESIAN_POINT('',(8.10329475437289,-1.01739119389714,3.465));
#2996=CARTESIAN_POINT('',(0.355497321803925,-2.24452175400245,3.465));
#2997=CARTESIAN_POINT('',(7.54275008537944,-0.547038368886344,3.465));
#2998=CARTESIAN_POINT('',(8.10329475437288,-1.01739119389714,3.465));
#2999=CARTESIAN_POINT('',(7.39661805714612,-0.488483001194193,3.465));
#3000=CARTESIAN_POINT('Origin',(7.38044621393358,-0.740464590773887,3.465));
#3001=CARTESIAN_POINT('',(5.32694013213569,-0.536072296211488,3.465));
#3002=CARTESIAN_POINT('Origin',(6.35,0.,3.465));
#3003=CARTESIAN_POINT('',(5.30760540697325,-0.538970605230491,3.465));
#3004=CARTESIAN_POINT('Origin',(5.3546766760465,-0.787044274989766,3.465));
#3005=CARTESIAN_POINT('',(1.9437990103288,-1.17724324480745,3.465));
#3006=CARTESIAN_POINT('',(5.30760540697325,-0.538970605230491,3.465));
#3007=CARTESIAN_POINT('',(1.19275008537944,-0.547038368886345,3.465));
#3008=CARTESIAN_POINT('',(1.9437990103288,-1.17724324480745,3.465));
#3009=CARTESIAN_POINT('',(1.04661805714612,-0.488483001194193,3.465));
#3010=CARTESIAN_POINT('Origin',(1.03044621393359,-0.740464590773887,3.465));
#3011=CARTESIAN_POINT('Origin',(0.,0.,3.465));
#3012=CARTESIAN_POINT('Origin',(7.54275008537944,0.547038368886345,3.465));
#3013=CARTESIAN_POINT('',(7.54275008537944,0.547038368886345,3.09));
#3014=CARTESIAN_POINT('',(8.10329475437288,1.01739119389714,3.09));
#3015=CARTESIAN_POINT('',(7.54275008537944,0.547038368886345,3.09));
#3016=CARTESIAN_POINT('',(8.10329475437288,1.01739119389714,3.465));
#3017=CARTESIAN_POINT('',(7.54275008537944,0.547038368886345,3.465));
#3018=CARTESIAN_POINT('Origin',(7.38044621393359,0.740464590773886,3.465));
#3019=CARTESIAN_POINT('',(7.39661805714612,0.488483001194193,3.09));
#3020=CARTESIAN_POINT('',(7.39661805714612,0.488483001194193,3.2775));
#3021=CARTESIAN_POINT('Origin',(7.38044621393359,0.740464590773886,3.09));
#3022=CARTESIAN_POINT('Origin',(5.3546766760465,0.787044274989765,3.465));
#3023=CARTESIAN_POINT('',(5.30760540697325,0.538970605230491,3.09));
#3024=CARTESIAN_POINT('',(5.32694013213569,0.536072296211489,3.09));
#3025=CARTESIAN_POINT('Origin',(5.3546766760465,0.787044274989765,3.09));
#3026=CARTESIAN_POINT('',(5.32694013213569,0.536072296211489,3.2775));
#3027=CARTESIAN_POINT('',(5.30760540697325,0.538970605230491,3.465));
#3028=CARTESIAN_POINT('Origin',(1.9437990103288,1.17724324480745,3.465));
#3029=CARTESIAN_POINT('',(1.9437990103288,1.17724324480745,3.09));
#3030=CARTESIAN_POINT('',(1.9437990103288,1.17724324480745,3.09));
#3031=CARTESIAN_POINT('',(1.9437990103288,1.17724324480745,3.465));
#3032=CARTESIAN_POINT('Origin',(1.19275008537944,0.547038368886345,3.465));
#3033=CARTESIAN_POINT('',(1.19275008537944,0.547038368886345,3.09));
#3034=CARTESIAN_POINT('',(1.19275008537944,0.547038368886345,3.09));
#3035=CARTESIAN_POINT('',(1.19275008537944,0.547038368886345,3.465));
#3036=CARTESIAN_POINT('Origin',(1.03044621393359,0.740464590773887,3.465));
#3037=CARTESIAN_POINT('',(1.04661805714612,0.488483001194193,3.09));
#3038=CARTESIAN_POINT('',(1.04661805714612,0.488483001194193,3.2775));
#3039=CARTESIAN_POINT('Origin',(1.03044621393359,0.740464590773887,3.09));
#3040=CARTESIAN_POINT('Origin',(1.03044621393359,-0.740464590773887,3.465));
#3041=CARTESIAN_POINT('',(1.19275008537944,-0.547038368886345,3.09));
#3042=CARTESIAN_POINT('',(1.04661805714612,-0.488483001194193,3.09));
#3043=CARTESIAN_POINT('Origin',(1.03044621393359,-0.740464590773887,3.09));
#3044=CARTESIAN_POINT('',(1.04661805714612,-0.488483001194193,3.2775));
#3045=CARTESIAN_POINT('',(1.19275008537944,-0.547038368886345,3.465));
#3046=CARTESIAN_POINT('Origin',(1.9437990103288,-1.17724324480745,3.465));
#3047=CARTESIAN_POINT('',(1.9437990103288,-1.17724324480745,3.09));
#3048=CARTESIAN_POINT('',(1.9437990103288,-1.17724324480745,3.09));
#3049=CARTESIAN_POINT('',(1.9437990103288,-1.17724324480745,3.465));
#3050=CARTESIAN_POINT('Origin',(5.30760540697325,-0.538970605230491,3.465));
#3051=CARTESIAN_POINT('',(5.30760540697325,-0.538970605230491,3.09));
#3052=CARTESIAN_POINT('',(5.30760540697325,-0.538970605230491,3.09));
#3053=CARTESIAN_POINT('',(5.30760540697325,-0.538970605230491,3.465));
#3054=CARTESIAN_POINT('Origin',(5.3546766760465,-0.787044274989766,3.465));
#3055=CARTESIAN_POINT('',(5.32694013213569,-0.536072296211488,3.09));
#3056=CARTESIAN_POINT('',(5.32694013213569,-0.536072296211488,3.2775));
#3057=CARTESIAN_POINT('Origin',(5.3546766760465,-0.787044274989766,3.09));
#3058=CARTESIAN_POINT('Origin',(7.38044621393358,-0.740464590773887,3.465));
#3059=CARTESIAN_POINT('',(7.54275008537944,-0.547038368886344,3.09));
#3060=CARTESIAN_POINT('',(7.39661805714612,-0.488483001194193,3.09));
#3061=CARTESIAN_POINT('Origin',(7.38044621393358,-0.740464590773887,3.09));
#3062=CARTESIAN_POINT('',(7.39661805714612,-0.488483001194193,3.2775));
#3063=CARTESIAN_POINT('',(7.54275008537944,-0.547038368886344,3.465));
#3064=CARTESIAN_POINT('Origin',(8.10329475437288,-1.01739119389714,3.465));
#3065=CARTESIAN_POINT('',(8.10329475437289,-1.01739119389714,3.09));
#3066=CARTESIAN_POINT('',(8.10329475437288,-1.01739119389714,3.09));
#3067=CARTESIAN_POINT('',(8.10329475437289,-1.01739119389714,3.465));
#3068=CARTESIAN_POINT('Origin',(0.355497321803925,-2.24452175400245,3.465));
#3069=CARTESIAN_POINT('',(0.355497321803924,-2.24452175400245,3.09));
#3070=CARTESIAN_POINT('',(0.355497321803925,-2.24452175400245,3.09));
#3071=CARTESIAN_POINT('',(0.355497321803924,-2.24452175400245,3.465));
#3072=CARTESIAN_POINT('Origin',(-7.58941520739853E-16,0.,3.465));
#3073=CARTESIAN_POINT('',(0.355497321803925,2.24452175400245,3.09));
#3074=CARTESIAN_POINT('Origin',(-7.58941520739853E-16,0.,3.09));
#3075=CARTESIAN_POINT('',(0.355497321803925,2.24452175400245,3.465));
#3076=CARTESIAN_POINT('Origin',(8.10329475437288,1.01739119389714,3.465));
#3077=CARTESIAN_POINT('',(8.10329475437288,1.01739119389714,3.09));
#3078=CARTESIAN_POINT('Origin',(7.505,0.,4.8));
#3079=CARTESIAN_POINT('',(5.195,1.41446705301519E-16,4.8));
#3080=CARTESIAN_POINT('Origin',(6.35,0.,4.8));
#3081=CARTESIAN_POINT('Origin',(6.35,0.,4.8));
#3082=CARTESIAN_POINT('',(5.195,1.41446705301519E-16,3.09));
#3083=CARTESIAN_POINT('Origin',(6.35,0.,3.09));
#3084=CARTESIAN_POINT('',(5.195,1.41446705301519E-16,4.8));
#3085=CARTESIAN_POINT('Origin',(6.35,0.,3.09));
#3086=CARTESIAN_POINT('Origin',(6.35,0.,3.09));
#3087=CARTESIAN_POINT('Origin',(6.35,0.,-3.8));
#3088=CARTESIAN_POINT('',(5.5860393089301,-0.86625,-3.8));
#3089=CARTESIAN_POINT('',(7.1139606910699,-0.86625,-3.8));
#3090=CARTESIAN_POINT('',(6.35,-0.86625,-3.8));
#3091=CARTESIAN_POINT('',(5.195,1.41446705301519E-16,-3.8));
#3092=CARTESIAN_POINT('Origin',(6.35,0.,-3.8));
#3093=CARTESIAN_POINT('',(5.5860393089301,0.86625,-3.8));
#3094=CARTESIAN_POINT('Origin',(6.35,0.,-3.8));
#3095=CARTESIAN_POINT('',(7.1139606910699,0.86625,-3.8));
#3096=CARTESIAN_POINT('',(6.35,0.86625,-3.8));
#3097=CARTESIAN_POINT('Origin',(6.35,0.,-3.8));
#3098=CARTESIAN_POINT('Origin',(4.7625,4.36771021175927,2.34));
#3099=CARTESIAN_POINT('',(0.862537353979897,2.37311068283579,2.34));
#3100=CARTESIAN_POINT('',(5.4874626460201,2.37311068283579,2.34));
#3101=CARTESIAN_POINT('Origin',(3.175,8.73542042351855,2.34));
#3102=CARTESIAN_POINT('',(5.48746264602011,-2.37311068283579,2.34));
#3103=CARTESIAN_POINT('Origin',(6.35,-2.16840434497101E-16,2.34));
#3104=CARTESIAN_POINT('',(0.862537353979897,-2.37311068283579,2.34));
#3105=CARTESIAN_POINT('Origin',(3.175,-8.73542042351854,2.34));
#3106=CARTESIAN_POINT('Origin',(8.67361737988404E-16,2.16840434497101E-16,
2.34));
#3107=CARTESIAN_POINT('',(5.195,1.41446705301519E-16,2.34));
#3108=CARTESIAN_POINT('Origin',(6.35,0.,2.34));
#3109=CARTESIAN_POINT('Origin',(4.7625,4.36771021175927,3.09));
#3110=CARTESIAN_POINT('Origin',(0.,0.,3.09));
#3111=CARTESIAN_POINT('Origin',(8.67361737988404E-16,2.16840434497101E-16,
2.34));
#3112=CARTESIAN_POINT('',(0.862537353979897,2.37311068283579,3.09));
#3113=CARTESIAN_POINT('',(0.862537353979897,-2.37311068283579,3.09));
#3114=CARTESIAN_POINT('Origin',(8.67361737988404E-16,2.16840434497101E-16,
3.09));
#3115=CARTESIAN_POINT('',(0.862537353979897,2.37311068283579,2.34));
#3116=CARTESIAN_POINT('',(0.862537353979897,-2.37311068283579,2.34));
#3117=CARTESIAN_POINT('Origin',(3.175,-8.73542042351854,2.34));
#3118=CARTESIAN_POINT('',(5.48746264602011,-2.37311068283579,3.09));
#3119=CARTESIAN_POINT('Origin',(3.175,-8.73542042351854,3.09));
#3120=CARTESIAN_POINT('',(5.48746264602011,-2.37311068283579,2.34));
#3121=CARTESIAN_POINT('Origin',(6.35,-2.16840434497101E-16,2.34));
#3122=CARTESIAN_POINT('',(5.4874626460201,2.37311068283579,3.09));
#3123=CARTESIAN_POINT('Origin',(6.35,-2.16840434497101E-16,3.09));
#3124=CARTESIAN_POINT('',(5.4874626460201,2.37311068283579,2.34));
#3125=CARTESIAN_POINT('Origin',(3.175,8.73542042351855,2.34));
#3126=CARTESIAN_POINT('Origin',(3.175,8.73542042351855,3.09));
#3127=CARTESIAN_POINT('Origin',(4.7625,4.36771021175927,3.09));
#3128=CARTESIAN_POINT('Origin',(0.,0.,4.8));
#3129=CARTESIAN_POINT('',(-1.155,1.41446705301519E-16,4.8));
#3130=CARTESIAN_POINT('',(-1.155,1.41446705301519E-16,4.8));
#3131=CARTESIAN_POINT('Origin',(0.,0.,4.8));
#3132=CARTESIAN_POINT('Origin',(1.155,0.,4.8));
#3133=CARTESIAN_POINT('Origin',(6.35,0.,4.8));
#3134=CARTESIAN_POINT('',(5.195,1.41446705301519E-16,4.8));
#3135=CARTESIAN_POINT('Origin',(9.525,1.44375,-3.46658021954299));
#3136=CARTESIAN_POINT('Origin',(6.35,0.,-4.30012967068551));
#3137=CARTESIAN_POINT('Origin',(9.525,-0.86625,-3.8));
#3138=CARTESIAN_POINT('Origin',(6.35,0.,-4.30012967068551));
#3139=CARTESIAN_POINT('Origin',(6.35,0.,4.8));
#3140=CARTESIAN_POINT('',(5.195,1.41446705301519E-16,4.8));
#3141=CARTESIAN_POINT('',(0.,0.,0.));
#3142=CARTESIAN_POINT('Origin',(3.175,-8.73542042351854,-2.34));
#3143=CARTESIAN_POINT('',(5.48746264602011,-2.37311068283579,-3.09));
#3144=CARTESIAN_POINT('',(0.862537353979897,-2.37311068283579,-3.09));
#3145=CARTESIAN_POINT('Origin',(3.175,-8.73542042351854,-3.09));
#3146=CARTESIAN_POINT('',(5.48746264602011,-2.37311068283579,-2.34));
#3147=CARTESIAN_POINT('',(5.48746264602011,-2.37311068283579,-2.34));
#3148=CARTESIAN_POINT('',(0.862537353979897,-2.37311068283579,-2.34));
#3149=CARTESIAN_POINT('Origin',(3.175,-8.73542042351854,-2.34));
#3150=CARTESIAN_POINT('',(0.862537353979897,-2.37311068283579,-2.34));
#3151=CARTESIAN_POINT('Origin',(4.7625,4.36771021175927,-2.34));
#3152=CARTESIAN_POINT('',(5.975,2.49699819783675,-2.34));
#3153=CARTESIAN_POINT('',(5.975,4.19,-2.34));
#3154=CARTESIAN_POINT('',(5.975,0.,-2.34));
#3155=CARTESIAN_POINT('',(0.375,4.19,-2.34));
#3156=CARTESIAN_POINT('',(0.375,4.19,-2.34));
#3157=CARTESIAN_POINT('',(0.375,2.49699819783675,-2.34));
#3158=CARTESIAN_POINT('',(0.375,4.75,-2.34));
#3159=CARTESIAN_POINT('Origin',(8.67361737988404E-16,2.16840434497101E-16,
-2.34));
#3160=CARTESIAN_POINT('Origin',(6.35,-2.16840434497101E-16,-2.34));
#3161=CARTESIAN_POINT('',(-1.155,1.41446705301519E-16,-2.34));
#3162=CARTESIAN_POINT('Origin',(0.,0.,-2.34));
#3163=CARTESIAN_POINT('',(5.195,1.41446705301519E-16,-2.34));
#3164=CARTESIAN_POINT('Origin',(6.35,0.,-2.34));
#3165=CARTESIAN_POINT('Origin',(0.,0.,3.8));
#3166=CARTESIAN_POINT('',(-1.155,1.41446705301519E-16,2.34));
#3167=CARTESIAN_POINT('',(-1.155,1.41446705301519E-16,3.8));
#3168=CARTESIAN_POINT('Origin',(0.,0.,2.34));
#3169=CARTESIAN_POINT('Origin',(4.7625,4.36771021175927,-3.09));
#3170=CARTESIAN_POINT('',(0.375,3.44,-3.09));
#3171=CARTESIAN_POINT('',(0.375,2.49699819783675,-3.09));
#3172=CARTESIAN_POINT('',(0.375,4.75,-3.09));
#3173=CARTESIAN_POINT('',(5.975,3.44,-3.09));
#3174=CARTESIAN_POINT('',(5.975,3.44,-3.09));
#3175=CARTESIAN_POINT('',(5.975,2.49699819783675,-3.09));
#3176=CARTESIAN_POINT('',(5.975,0.,-3.09));
#3177=CARTESIAN_POINT('Origin',(6.35,-2.16840434497101E-16,-3.09));
#3178=CARTESIAN_POINT('Origin',(8.67361737988404E-16,2.16840434497101E-16,
-3.09));
#3179=CARTESIAN_POINT('',(5.195,1.41446705301519E-16,-3.09));
#3180=CARTESIAN_POINT('Origin',(6.35,0.,-3.09));
#3181=CARTESIAN_POINT('',(-1.155,1.41446705301519E-16,-3.09));
#3182=CARTESIAN_POINT('Origin',(0.,0.,-3.09));
#3183=CARTESIAN_POINT('Origin',(6.35,-2.16840434497101E-16,-2.34));
#3184=CARTESIAN_POINT('',(5.975,2.49699819783675,-2.34));
#3185=CARTESIAN_POINT('Origin',(8.67361737988404E-16,2.16840434497101E-16,
-2.34));
#3186=CARTESIAN_POINT('',(0.375,2.49699819783675,-2.34));
#3187=CARTESIAN_POINT('Origin',(0.,0.,-3.8));
#3188=CARTESIAN_POINT('',(0.763960691069901,-0.86625,-3.8));
#3189=CARTESIAN_POINT('',(-0.763960691069901,-0.86625,-3.8));
#3190=CARTESIAN_POINT('',(9.525,-0.86625,-3.8));
#3191=CARTESIAN_POINT('',(-1.155,1.41446705301519E-16,-3.8));
#3192=CARTESIAN_POINT('Origin',(0.,0.,-3.8));
#3193=CARTESIAN_POINT('',(-0.763960691069901,0.86625,-3.8));
#3194=CARTESIAN_POINT('Origin',(0.,0.,-3.8));
#3195=CARTESIAN_POINT('',(0.763960691069901,0.86625,-3.8));
#3196=CARTESIAN_POINT('',(9.525,0.86625,-3.8));
#3197=CARTESIAN_POINT('Origin',(0.,0.,-3.8));
#3198=CARTESIAN_POINT('Origin',(0.,0.,3.8));
#3199=CARTESIAN_POINT('Origin',(0.,0.,-4.30012967068551));
#3200=CARTESIAN_POINT('Origin',(0.,0.,-4.30012967068551));
#3201=CARTESIAN_POINT('',(-1.155,1.41446705301519E-16,3.8));
#3202=CARTESIAN_POINT('Origin',(4.7625,4.19,-2.9));
#3203=CARTESIAN_POINT('',(5.975,4.75,-2.9));
#3204=CARTESIAN_POINT('Origin',(5.975,4.19,-2.9));
#3205=CARTESIAN_POINT('',(0.375,4.75,-2.9));
#3206=CARTESIAN_POINT('',(5.975,4.75,-2.9));
#3207=CARTESIAN_POINT('Origin',(0.375,4.19,-2.9));
#3208=CARTESIAN_POINT('Origin',(4.7625,3.44,-3.65));
#3209=CARTESIAN_POINT('',(0.375,4.,-3.65));
#3210=CARTESIAN_POINT('Origin',(0.375,3.44,-3.65));
#3211=CARTESIAN_POINT('',(5.975,4.,-3.65));
#3212=CARTESIAN_POINT('',(0.375,4.,-3.65));
#3213=CARTESIAN_POINT('Origin',(5.975,3.44,-3.65));
#3214=CARTESIAN_POINT('Origin',(5.415,0.,-10.14));
#3215=CARTESIAN_POINT('',(5.415,4.,-10.7));
#3216=CARTESIAN_POINT('',(5.975,4.,-10.14));
#3217=CARTESIAN_POINT('Origin',(5.415,4.,-10.14));
#3218=CARTESIAN_POINT('',(5.415,4.75,-10.7));
#3219=CARTESIAN_POINT('',(5.415,0.,-10.7));
#3220=CARTESIAN_POINT('',(5.975,4.75,-10.14));
#3221=CARTESIAN_POINT('Origin',(5.415,4.75,-10.14));
#3222=CARTESIAN_POINT('',(5.975,0.,-10.14));
#3223=CARTESIAN_POINT('Origin',(0.935,4.75,-10.14));
#3224=CARTESIAN_POINT('',(0.935,4.75,-10.7));
#3225=CARTESIAN_POINT('',(0.375,4.75,-10.14));
#3226=CARTESIAN_POINT('Origin',(0.935,4.75,-10.14));
#3227=CARTESIAN_POINT('',(0.935,4.,-10.7));
#3228=CARTESIAN_POINT('',(0.935,0.,-10.7));
#3229=CARTESIAN_POINT('',(0.375,4.,-10.14));
#3230=CARTESIAN_POINT('Origin',(0.935,4.,-10.14));
#3231=CARTESIAN_POINT('',(0.375,4.75,-10.14));
#3232=CARTESIAN_POINT('Origin',(3.175,4.,-7.15));
#3233=CARTESIAN_POINT('',(3.175,4.,-5.45));
#3234=CARTESIAN_POINT('Origin',(3.175,4.,-7.15));
#3235=CARTESIAN_POINT('',(3.175,4.75,-5.45));
#3236=CARTESIAN_POINT('',(3.175,4.,-5.45));
#3237=CARTESIAN_POINT('Origin',(3.175,4.75,-7.15));
#3238=CARTESIAN_POINT('Origin',(0.,0.,-10.7));
#3239=CARTESIAN_POINT('',(5.975,4.75,-10.7));
#3240=CARTESIAN_POINT('',(0.375,4.,-10.7));
#3241=CARTESIAN_POINT('Origin',(0.375,4.,-3.09));
#3242=CARTESIAN_POINT('',(5.975,4.,-3.09));
#3243=CARTESIAN_POINT('',(0.375,4.,-3.09));
#3244=CARTESIAN_POINT('Origin',(5.975,4.75,-2.34));
#3245=CARTESIAN_POINT('',(5.975,4.75,-2.34));
#3246=CARTESIAN_POINT('',(0.375,4.75,-2.34));
#3247=CARTESIAN_POINT('Origin',(5.975,0.,-2.34));
#3248=CARTESIAN_POINT('Origin',(0.375,4.75,-2.34));
#3249=CARTESIAN_POINT('Origin',(9.525,1.44375,-3.46658021954299));
#3250=CARTESIAN_POINT('Origin',(9.525,-0.86625,-3.8));
#3251=CARTESIAN_POINT('Origin',(9.525,0.86625,3.8));
#3252=CARTESIAN_POINT('',(0.7639606910699,0.866250000000001,3.8));
#3253=CARTESIAN_POINT('',(-0.763960691069897,0.86625,3.8));
#3254=CARTESIAN_POINT('Origin',(0.,0.,4.30012967068551));
#3255=CARTESIAN_POINT('',(9.525,0.86625,3.8));
#3256=CARTESIAN_POINT('Origin',(9.525,-1.44375,3.46658021954299));
#3257=CARTESIAN_POINT('',(-0.763960691069901,-0.86625,3.8));
#3258=CARTESIAN_POINT('',(0.763960691069901,-0.86625,3.8));
#3259=CARTESIAN_POINT('Origin',(0.,0.,4.30012967068551));
#3260=CARTESIAN_POINT('',(9.525,-0.86625,3.8));
#3261=CARTESIAN_POINT('Origin',(7.505,0.,3.8));
#3262=CARTESIAN_POINT('',(7.1139606910699,-0.86625,3.8));
#3263=CARTESIAN_POINT('',(5.5860393089301,-0.866250000000001,3.8));
#3264=CARTESIAN_POINT('',(9.525,-0.86625,3.8));
#3265=CARTESIAN_POINT('',(7.1139606910699,0.866250000000001,3.8));
#3266=CARTESIAN_POINT('Origin',(6.35,0.,3.8));
#3267=CARTESIAN_POINT('',(5.5860393089301,0.86625,3.8));
#3268=CARTESIAN_POINT('',(9.525,0.86625,3.8));
#3269=CARTESIAN_POINT('',(5.195,1.41446705301519E-16,3.8));
#3270=CARTESIAN_POINT('Origin',(6.35,0.,3.8));
#3271=CARTESIAN_POINT('Origin',(6.35,0.,3.8));
#3272=CARTESIAN_POINT('Origin',(6.35,0.,3.8));
#3273=CARTESIAN_POINT('',(5.195,1.41446705301519E-16,3.09));
#3274=CARTESIAN_POINT('Origin',(6.35,0.,3.09));
#3275=CARTESIAN_POINT('',(5.195,1.41446705301519E-16,3.8));
#3276=CARTESIAN_POINT('Origin',(6.35,0.,4.30012967068551));
#3277=CARTESIAN_POINT('Origin',(6.35,0.,4.30012967068551));
#3278=CARTESIAN_POINT('Origin',(6.35,0.,-3.8));
#3279=CARTESIAN_POINT('',(5.5860393089301,-0.86625,-3.8));
#3280=CARTESIAN_POINT('',(7.1139606910699,-0.86625,-3.8));
#3281=CARTESIAN_POINT('',(6.35,-0.86625,-3.8));
#3282=CARTESIAN_POINT('',(5.195,1.41446705301519E-16,-3.8));
#3283=CARTESIAN_POINT('Origin',(6.35,0.,-3.8));
#3284=CARTESIAN_POINT('',(5.5860393089301,0.86625,-3.8));
#3285=CARTESIAN_POINT('Origin',(6.35,0.,-3.8));
#3286=CARTESIAN_POINT('',(7.1139606910699,0.86625,-3.8));
#3287=CARTESIAN_POINT('',(6.35,0.86625,-3.8));
#3288=CARTESIAN_POINT('Origin',(6.35,0.,-3.8));
#3289=CARTESIAN_POINT('Origin',(4.7625,4.36771021175927,2.34));
#3290=CARTESIAN_POINT('',(0.862537353979897,2.37311068283579,2.34));
#3291=CARTESIAN_POINT('',(5.4874626460201,2.37311068283579,2.34));
#3292=CARTESIAN_POINT('Origin',(3.175,8.73542042351855,2.34));
#3293=CARTESIAN_POINT('',(5.48746264602011,-2.37311068283579,2.34));
#3294=CARTESIAN_POINT('Origin',(6.35,-2.16840434497101E-16,2.34));
#3295=CARTESIAN_POINT('',(0.862537353979897,-2.37311068283579,2.34));
#3296=CARTESIAN_POINT('Origin',(3.175,-8.73542042351854,2.34));
#3297=CARTESIAN_POINT('Origin',(8.67361737988404E-16,2.16840434497101E-16,
2.34));
#3298=CARTESIAN_POINT('',(5.195,1.41446705301519E-16,2.34));
#3299=CARTESIAN_POINT('Origin',(6.35,0.,2.34));
#3300=CARTESIAN_POINT('Origin',(4.7625,4.36771021175927,3.09));
#3301=CARTESIAN_POINT('',(0.862537353979897,2.37311068283579,3.09));
#3302=CARTESIAN_POINT('',(5.4874626460201,2.37311068283579,3.09));
#3303=CARTESIAN_POINT('Origin',(3.175,8.73542042351855,3.09));
#3304=CARTESIAN_POINT('',(0.862537353979897,-2.37311068283579,3.09));
#3305=CARTESIAN_POINT('Origin',(8.67361737988404E-16,2.16840434497101E-16,
3.09));
#3306=CARTESIAN_POINT('',(5.48746264602011,-2.37311068283579,3.09));
#3307=CARTESIAN_POINT('Origin',(3.175,-8.73542042351854,3.09));
#3308=CARTESIAN_POINT('Origin',(6.35,-2.16840434497101E-16,3.09));
#3309=CARTESIAN_POINT('',(-1.155,1.41446705301519E-16,3.09));
#3310=CARTESIAN_POINT('Origin',(0.,0.,3.09));
#3311=CARTESIAN_POINT('Origin',(8.67361737988404E-16,2.16840434497101E-16,
2.34));
#3312=CARTESIAN_POINT('',(0.862537353979897,2.37311068283579,2.34));
#3313=CARTESIAN_POINT('',(0.862537353979897,-2.37311068283579,2.34));
#3314=CARTESIAN_POINT('Origin',(3.175,-8.73542042351854,2.34));
#3315=CARTESIAN_POINT('',(5.48746264602011,-2.37311068283579,2.34));
#3316=CARTESIAN_POINT('Origin',(6.35,-2.16840434497101E-16,2.34));
#3317=CARTESIAN_POINT('',(5.4874626460201,2.37311068283579,2.34));
#3318=CARTESIAN_POINT('Origin',(3.175,8.73542042351855,2.34));
#3319=CARTESIAN_POINT('Origin',(6.35,0.,3.8));
#3320=CARTESIAN_POINT('',(5.195,1.41446705301519E-16,3.8));
#3321=CARTESIAN_POINT('Origin',(9.525,0.86625,3.8));
#3322=CARTESIAN_POINT('Origin',(9.525,-1.44375,3.46658021954299));
#3323=CARTESIAN_POINT('Origin',(9.525,1.44375,-3.46658021954299));
#3324=CARTESIAN_POINT('Origin',(6.35,0.,-4.30012967068551));
#3325=CARTESIAN_POINT('Origin',(9.525,-0.86625,-3.8));
#3326=CARTESIAN_POINT('Origin',(6.35,0.,-4.30012967068551));
#3327=CARTESIAN_POINT('Origin',(6.35,0.,3.8));
#3328=CARTESIAN_POINT('',(5.195,1.41446705301519E-16,3.8));
#3329=CARTESIAN_POINT('Origin',(1.155,0.,3.8));
#3330=CARTESIAN_POINT('Origin',(0.,0.,3.8));
#3331=CARTESIAN_POINT('',(-1.155,1.41446705301519E-16,3.8));
#3332=CARTESIAN_POINT('Origin',(0.,0.,3.8));
#3333=CARTESIAN_POINT('Origin',(0.,0.,3.8));
#3334=CARTESIAN_POINT('Origin',(0.,0.,3.8));
#3335=CARTESIAN_POINT('',(-1.155,1.41446705301519E-16,3.8));
#3336=CARTESIAN_POINT('',(0.,0.,0.));
#3337=CARTESIAN_POINT('Origin',(0.,0.,-1.431));
#3338=CARTESIAN_POINT('',(-1.65,-2.02066721859313E-16,-1.431));
#3339=CARTESIAN_POINT('Origin',(0.,0.,-1.431));
#3340=CARTESIAN_POINT('',(-1.491,-1.8259483775287E-16,-1.59));
#3341=CARTESIAN_POINT('Origin',(-1.491,-1.8259483775287E-16,-1.431));
#3342=CARTESIAN_POINT('Origin',(0.,0.,-1.59));
#3343=CARTESIAN_POINT('Origin',(0.,0.,1.59));
#3344=CARTESIAN_POINT('',(-1.65,2.02066721859313E-16,1.431));
#3345=CARTESIAN_POINT('',(-1.65,2.02066721859313E-16,1.59));
#3346=CARTESIAN_POINT('Origin',(0.,0.,1.431));
#3347=CARTESIAN_POINT('Origin',(4.7625,5.13902831278444,-1.59));
#3348=CARTESIAN_POINT('',(0.861834961997828,2.78991765080588,-1.59));
#3349=CARTESIAN_POINT('',(5.48816503800217,2.78991765080588,-1.59));
#3350=CARTESIAN_POINT('Origin',(3.175,10.2780566255689,-1.59));
#3351=CARTESIAN_POINT('',(0.861834961997829,-2.78991765080588,-1.59));
#3352=CARTESIAN_POINT('Origin',(2.38524477946811E-15,0.,-1.59));
#3353=CARTESIAN_POINT('',(5.48816503800217,-2.78991765080588,-1.59));
#3354=CARTESIAN_POINT('Origin',(3.175,-10.2780566255689,-1.59));
#3355=CARTESIAN_POINT('Origin',(6.35,0.,-1.59));
#3356=CARTESIAN_POINT('',(4.859,-1.8259483775287E-16,-1.59));
#3357=CARTESIAN_POINT('Origin',(6.35,0.,-1.59));
#3358=CARTESIAN_POINT('Origin',(4.7625,5.13902831278444,-2.34));
#3359=CARTESIAN_POINT('',(0.861834961997828,2.78991765080588,-2.34));
#3360=CARTESIAN_POINT('',(5.48816503800217,2.78991765080588,-2.34));
#3361=CARTESIAN_POINT('Origin',(3.175,10.2780566255689,-2.34));
#3362=CARTESIAN_POINT('',(5.48816503800217,-2.78991765080588,-2.34));
#3363=CARTESIAN_POINT('Origin',(6.35,0.,-2.34));
#3364=CARTESIAN_POINT('',(0.861834961997829,-2.78991765080588,-2.34));
#3365=CARTESIAN_POINT('Origin',(3.175,-10.2780566255689,-2.34));
#3366=CARTESIAN_POINT('Origin',(2.38524477946811E-15,0.,-2.34));
#3367=CARTESIAN_POINT('',(5.195,1.41446705301519E-16,-2.34));
#3368=CARTESIAN_POINT('Origin',(6.35,0.,-2.34));
#3369=CARTESIAN_POINT('',(-1.155,1.41446705301519E-16,-2.34));
#3370=CARTESIAN_POINT('Origin',(0.,0.,-2.34));
#3371=CARTESIAN_POINT('Origin',(3.175,10.2933363752672,1.59));
#3372=CARTESIAN_POINT('',(0.860666847384115,2.7902782258789,2.34));
#3373=CARTESIAN_POINT('',(5.48933306255945,2.79027819810081,2.34));
#3374=CARTESIAN_POINT('Origin',(3.175,10.2933363752672,2.34));
#3375=CARTESIAN_POINT('',(5.48933306255945,2.79027819810081,1.59));
#3376=CARTESIAN_POINT('',(5.48933306255945,2.79027819810081,1.59));
#3377=CARTESIAN_POINT('',(0.860666847384115,2.7902782258789,1.59));
#3378=CARTESIAN_POINT('Origin',(3.175,10.2933363752672,1.59));
#3379=CARTESIAN_POINT('',(0.860666847384115,2.7902782258789,1.59));
#3380=CARTESIAN_POINT('Origin',(2.38524477946811E-15,0.,-1.59));
#3381=CARTESIAN_POINT('',(0.861834961997829,-2.78991765080588,-1.59));
#3382=CARTESIAN_POINT('',(0.861834961997828,2.78991765080588,-1.59));
#3383=CARTESIAN_POINT('Origin',(3.175,-10.2780566255689,-1.59));
#3384=CARTESIAN_POINT('',(5.48816503800217,-2.78991765080588,-1.59));
#3385=CARTESIAN_POINT('Origin',(6.35,0.,-1.59));
#3386=CARTESIAN_POINT('',(5.48816503800217,2.78991765080588,-1.59));
#3387=CARTESIAN_POINT('Origin',(3.175,10.2780566255689,-1.59));
#3388=CARTESIAN_POINT('Origin',(0.,0.,1.431));
#3389=CARTESIAN_POINT('',(-1.491,-1.8259483775287E-16,1.59));
#3390=CARTESIAN_POINT('Origin',(0.,0.,1.59));
#3391=CARTESIAN_POINT('Origin',(-1.491,-1.8259483775287E-16,1.431));
#3392=CARTESIAN_POINT('Origin',(4.7625,5.14666818763362,1.59));
#3393=CARTESIAN_POINT('',(5.48933315261589,-2.7902782258789,1.59));
#3394=CARTESIAN_POINT('Origin',(6.35000000000001,2.38524477946811E-15,1.59));
#3395=CARTESIAN_POINT('',(0.860666887658579,-2.79027821345616,1.59));
#3396=CARTESIAN_POINT('Origin',(3.175,-10.2933363752672,1.59));
#3397=CARTESIAN_POINT('Origin',(-2.16840434497101E-15,-4.33680868994202E-16,
1.59));
#3398=CARTESIAN_POINT('',(4.859,-1.8259483775287E-16,1.59));
#3399=CARTESIAN_POINT('Origin',(6.35,0.,1.59));
#3400=CARTESIAN_POINT('Origin',(4.7625,5.14666818763362,2.34));
#3401=CARTESIAN_POINT('',(0.860666887658579,-2.79027821345616,2.34));
#3402=CARTESIAN_POINT('Origin',(-2.16840434497101E-15,-4.33680868994202E-16,
2.34));
#3403=CARTESIAN_POINT('',(5.48933315261589,-2.7902782258789,2.34));
#3404=CARTESIAN_POINT('Origin',(3.175,-10.2933363752672,2.34));
#3405=CARTESIAN_POINT('Origin',(6.35000000000001,2.38524477946811E-15,2.34));
#3406=CARTESIAN_POINT('',(5.195,1.41446705301519E-16,2.34));
#3407=CARTESIAN_POINT('Origin',(6.35,0.,2.34));
#3408=CARTESIAN_POINT('',(-1.155,1.41446705301519E-16,2.34));
#3409=CARTESIAN_POINT('Origin',(0.,0.,2.34));
#3410=CARTESIAN_POINT('Origin',(-2.16840434497101E-15,-4.33680868994202E-16,
1.59));
#3411=CARTESIAN_POINT('',(0.860666887658579,-2.79027821345616,1.59));
#3412=CARTESIAN_POINT('Origin',(3.175,-10.2933363752672,1.59));
#3413=CARTESIAN_POINT('',(5.48933315261589,-2.7902782258789,1.59));
#3414=CARTESIAN_POINT('Origin',(6.35000000000001,2.38524477946811E-15,1.59));
#3415=CARTESIAN_POINT('Origin',(6.35,0.,-1.431));
#3416=CARTESIAN_POINT('',(4.7,-2.02066721859313E-16,-1.431));
#3417=CARTESIAN_POINT('Origin',(6.35,0.,-1.431));
#3418=CARTESIAN_POINT('Origin',(4.859,-1.8259483775287E-16,-1.431));
#3419=CARTESIAN_POINT('Origin',(6.35,0.,1.59));
#3420=CARTESIAN_POINT('',(4.7,2.02066721859313E-16,1.431));
#3421=CARTESIAN_POINT('',(4.7,2.02066721859313E-16,1.59));
#3422=CARTESIAN_POINT('Origin',(6.35,0.,1.431));
#3423=CARTESIAN_POINT('Origin',(6.35,0.,1.431));
#3424=CARTESIAN_POINT('Origin',(4.859,-1.82594837752871E-16,1.431));
#3425=CARTESIAN_POINT('Origin',(0.,0.,2.34));
#3426=CARTESIAN_POINT('',(-1.155,1.41446705301519E-16,2.34));
#3427=CARTESIAN_POINT('Origin',(6.35,0.,2.34));
#3428=CARTESIAN_POINT('',(5.195,1.41446705301519E-16,2.34));
#3429=CARTESIAN_POINT('',(0.,0.,0.));
#3430=CARTESIAN_POINT('',(6.35,0.,0.));
#3431=CARTESIAN_POINT('',(12.7,0.,0.));
#3432=CARTESIAN_POINT('',(19.05,0.,0.));
#3433=CARTESIAN_POINT('',(6.35,0.,0.));
#3434=CARTESIAN_POINT('',(12.7,0.,0.));
#3435=CARTESIAN_POINT('',(19.05,0.,0.));
#3436=CARTESIAN_POINT('',(25.4,0.,0.));
#3437=CARTESIAN_POINT('',(0.,0.,0.));
#3438=CARTESIAN_POINT('',(12.7,0.,0.));
#3439=CARTESIAN_POINT('',(6.35,0.,0.));
#3440=CARTESIAN_POINT('',(19.05,0.,0.));
#3441=UNCERTAINTY_MEASURE_WITH_UNIT(LENGTH_MEASURE(0.01),#3451,
'DISTANCE_ACCURACY_VALUE',
'Maximum model space distance between geometric entities at asserted c
onnectivities');
#3442=UNCERTAINTY_MEASURE_WITH_UNIT(LENGTH_MEASURE(0.01),#3451,
'DISTANCE_ACCURACY_VALUE',
'Maximum model space distance between geometric entities at asserted c
onnectivities');
#3443=UNCERTAINTY_MEASURE_WITH_UNIT(LENGTH_MEASURE(0.01),#3451,
'DISTANCE_ACCURACY_VALUE',
'Maximum model space distance between geometric entities at asserted c
onnectivities');
#3444=UNCERTAINTY_MEASURE_WITH_UNIT(LENGTH_MEASURE(0.01),#3451,
'DISTANCE_ACCURACY_VALUE',
'Maximum model space distance between geometric entities at asserted c
onnectivities');
#3445=UNCERTAINTY_MEASURE_WITH_UNIT(LENGTH_MEASURE(0.01),#3451,
'DISTANCE_ACCURACY_VALUE',
'Maximum model space distance between geometric entities at asserted c
onnectivities');
#3446=(
GEOMETRIC_REPRESENTATION_CONTEXT(3)
GLOBAL_UNCERTAINTY_ASSIGNED_CONTEXT((#3441))
GLOBAL_UNIT_ASSIGNED_CONTEXT((#3451,#3452,#3453))
REPRESENTATION_CONTEXT('','3D')
);
#3447=(
GEOMETRIC_REPRESENTATION_CONTEXT(3)
GLOBAL_UNCERTAINTY_ASSIGNED_CONTEXT((#3442))
GLOBAL_UNIT_ASSIGNED_CONTEXT((#3451,#3452,#3453))
REPRESENTATION_CONTEXT('','3D')
);
#3448=(
GEOMETRIC_REPRESENTATION_CONTEXT(3)
GLOBAL_UNCERTAINTY_ASSIGNED_CONTEXT((#3443))
GLOBAL_UNIT_ASSIGNED_CONTEXT((#3451,#3452,#3453))
REPRESENTATION_CONTEXT('','3D')
);
#3449=(
GEOMETRIC_REPRESENTATION_CONTEXT(3)
GLOBAL_UNCERTAINTY_ASSIGNED_CONTEXT((#3444))
GLOBAL_UNIT_ASSIGNED_CONTEXT((#3451,#3452,#3453))
REPRESENTATION_CONTEXT('','3D')
);
#3450=(
GEOMETRIC_REPRESENTATION_CONTEXT(3)
GLOBAL_UNCERTAINTY_ASSIGNED_CONTEXT((#3445))
GLOBAL_UNIT_ASSIGNED_CONTEXT((#3451,#3452,#3453))
REPRESENTATION_CONTEXT('','3D')
);
#3451=(
LENGTH_UNIT()
NAMED_UNIT(*)
SI_UNIT(.MILLI.,.METRE.)
);
#3452=(
NAMED_UNIT(*)
PLANE_ANGLE_UNIT()
SI_UNIT($,.RADIAN.)
);
#3453=(
NAMED_UNIT(*)
SI_UNIT($,.STERADIAN.)
SOLID_ANGLE_UNIT()
);
#3454=SHAPE_DEFINITION_REPRESENTATION(#3458,#3466);
#3455=SHAPE_DEFINITION_REPRESENTATION(#3459,#3467);
#3456=SHAPE_DEFINITION_REPRESENTATION(#3460,#3468);
#3457=SHAPE_DEFINITION_REPRESENTATION(#3461,#3469);
#3458=PRODUCT_DEFINITION_SHAPE('',$,#3471);
#3459=PRODUCT_DEFINITION_SHAPE('',$,#3472);
#3460=PRODUCT_DEFINITION_SHAPE('',$,#3473);
#3461=PRODUCT_DEFINITION_SHAPE('',$,#3474);
#3462=PRODUCT_DEFINITION_SHAPE($,$,#27);
#3463=PRODUCT_DEFINITION_SHAPE($,$,#28);
#3464=PRODUCT_DEFINITION_SHAPE($,$,#29);
#3465=PRODUCT_DEFINITION_SHAPE($,$,#30);
#3466=SHAPE_REPRESENTATION('',(#1937,#2200,#2201,#2202,#2203),#3446);
#3467=SHAPE_REPRESENTATION('',(#1938),#3447);
#3468=SHAPE_REPRESENTATION('',(#2055),#3448);
#3469=SHAPE_REPRESENTATION('',(#2147),#3449);
#3470=PRODUCT_DEFINITION_CONTEXT('part definition',#3484,'design');
#3471=PRODUCT_DEFINITION('Product','Product',#3475,#3470);
#3472=PRODUCT_DEFINITION('1_PART_RS25_1LA10L1l_in_ASM_RS25_2LA1_4L',
'1_PART_RS25_1LA10L1l_in_ASM_RS25_2LA1_4L',#3476,#3470);
#3473=PRODUCT_DEFINITION('2_PART_RS25_1LA10L2l_in_ASM_RS25_2LA1_4L',
'2_PART_RS25_1LA10L2l_in_ASM_RS25_2LA1_4L',#3477,#3470);
#3474=PRODUCT_DEFINITION('3_PART_RS25_1L0r_in_ASM_RS25_2LA1_4L',
'3_PART_RS25_1L0r_in_ASM_RS25_2LA1_4L',#3478,#3470);
#3475=PRODUCT_DEFINITION_FORMATION('',$,#3486);
#3476=PRODUCT_DEFINITION_FORMATION('',$,#3487);
#3477=PRODUCT_DEFINITION_FORMATION('',$,#3488);
#3478=PRODUCT_DEFINITION_FORMATION('',$,#3489);
#3479=PRODUCT_RELATED_PRODUCT_CATEGORY('Product','Product',(#3486));
#3480=PRODUCT_RELATED_PRODUCT_CATEGORY(
'1_PART_RS25_1LA10L1l_in_ASM_RS25_2LA1_4L',
'1_PART_RS25_1LA10L1l_in_ASM_RS25_2LA1_4L',(#3487));
#3481=PRODUCT_RELATED_PRODUCT_CATEGORY(
'2_PART_RS25_1LA10L2l_in_ASM_RS25_2LA1_4L',
'2_PART_RS25_1LA10L2l_in_ASM_RS25_2LA1_4L',(#3488));
#3482=PRODUCT_RELATED_PRODUCT_CATEGORY(
'3_PART_RS25_1L0r_in_ASM_RS25_2LA1_4L',
'3_PART_RS25_1L0r_in_ASM_RS25_2LA1_4L',(#3489));
#3483=APPLICATION_PROTOCOL_DEFINITION('international standard',
'automotive_design',2009,#3484);
#3484=APPLICATION_CONTEXT(
'Core Data for Automotive Mechanical Design Process');
#3485=PRODUCT_CONTEXT('part definition',#3484,'mechanical');
#3486=PRODUCT('Product','Product',$,(#3485));
#3487=PRODUCT('1_PART_RS25_1LA10L1l_in_ASM_RS25_2LA1_4L',
'1_PART_RS25_1LA10L1l_in_ASM_RS25_2LA1_4L',$,(#3485));
#3488=PRODUCT('2_PART_RS25_1LA10L2l_in_ASM_RS25_2LA1_4L',
'2_PART_RS25_1LA10L2l_in_ASM_RS25_2LA1_4L',$,(#3485));
#3489=PRODUCT('3_PART_RS25_1L0r_in_ASM_RS25_2LA1_4L',
'3_PART_RS25_1L0r_in_ASM_RS25_2LA1_4L',$,(#3485));
#3490=PRESENTATION_STYLE_ASSIGNMENT((#3492));
#3491=PRESENTATION_STYLE_ASSIGNMENT((#3493));
#3492=SURFACE_STYLE_USAGE(.BOTH.,#3494);
#3493=SURFACE_STYLE_USAGE(.BOTH.,#3495);
#3494=SURFACE_SIDE_STYLE('',(#3496));
#3495=SURFACE_SIDE_STYLE('',(#3497));
#3496=SURFACE_STYLE_FILL_AREA(#3498);
#3497=SURFACE_STYLE_FILL_AREA(#3499);
#3498=FILL_AREA_STYLE('',(#3500));
#3499=FILL_AREA_STYLE('',(#3501));
#3500=FILL_AREA_STYLE_COLOUR('',#3502);
#3501=FILL_AREA_STYLE_COLOUR('',#3503);
#3502=COLOUR_RGB('',1.,1.,1.);
#3503=COLOUR_RGB('',0.686274509803922,0.686274509803922,0.686274509803922);
ENDSEC;
END-ISO-10303-21;
